time,kidmap
1979-12-01,2861.0
1979-12-02,2861.0
1979-12-08,2871.0
1979-12-09,2871.0
1979-12-16,2975.0
1979-12-17,2975.0
1979-12-21,2988.0
1979-12-22,2988.0
1979-12-24,3026.0
1979-12-25,3033.0
1979-12-27,3038.0
1979-12-28,3038.0
1979-12-30,3065.0
1980-01-07,3137.0
1980-01-14,3197.0
1980-01-15,3204.0
1980-01-17,3223.0
1980-01-18,3223.0
1980-01-22,3253.0
1980-01-23,3253.0
1980-01-24,3253.0
1980-01-25,3281.0
1980-02-02,3347.0
1980-02-03,3356.0
1980-02-04,3366.0
1980-02-05,3376.0
1980-02-10,3401.0
1980-02-11,3401.0
1980-02-12,3401.0
1980-02-13,3401.0
1980-02-14,3401.0
1980-02-17,3465.0
1980-02-18,3465.0
1980-02-19,3465.0
1980-02-20,3486.0
1980-02-21,3486.0
1980-02-25,3540.0
1980-02-26,3540.0
1980-03-01,3579.0
1980-03-02,3579.0
1980-03-03,3579.0
1980-03-04,3579.0
1980-03-05,3603.0
1980-03-07,3591.0
1980-03-09,3641.0
1980-03-13,3668.0
1980-03-14,3677.0
1980-03-16,3695.0
1980-03-17,3708.0
1980-03-19,3719.0
1980-03-20,3719.0
1980-03-21,3719.0
1980-03-25,3775.0
1980-03-27,3791.0
1980-03-28,3791.0
1980-03-30,3799.0
1980-04-03,3831.0
1980-04-04,3831.0
1980-04-05,3831.0
1980-04-07,3871.0
1980-04-10,3893.0
1980-04-16,3919.0
1980-04-17,3919.0
1980-04-18,3948.0
1980-04-23,3995.0
1980-04-24,3995.0
1980-04-27,4034.0
1980-04-28,4037.0
1980-04-29,4046.0
1980-05-08,4124.0
1980-05-11,4153.0
1980-05-31,4344.0
1980-12-10,6121.0
1980-12-11,6121.0
1980-12-12,6125.0
1980-12-13,6125.0
1980-12-17,6156.0
1980-12-22,6206.0
1980-12-23,6214.0
1980-12-24,6214.0
1980-12-27,6219.0
1980-12-28,6219.0
1981-01-02,6291.0
1981-01-07,6333.0
1981-01-08,6333.0
1981-01-12,6344.0
1981-01-13,6344.0
1981-01-17,6368.0
1981-01-23,6455.0
1981-01-24,6455.0
1981-01-25,6467.0
1981-01-26,6431.0
1981-01-27,6431.0
1981-01-28,6431.0
1981-02-01,6529.0
1981-02-02,6534.0
1981-02-03,6534.0
1981-02-04,6554.0
1981-02-09,6576.0
1981-02-10,6576.0
1981-02-11,6576.0
1981-02-12,6618.0
1981-02-13,6624.0
1981-02-20,6612.0
1981-02-22,6704.0
1981-02-24,6718.0
1981-02-25,6718.0
1981-02-26,6718.0
1981-03-01,6752.0
1981-03-02,6752.0
1981-03-03,6760.0
1981-03-04,6760.0
1981-03-05,6783.0
1981-03-13,6738.0
1981-03-14,6738.0
1981-03-15,6843.0
1981-03-16,6871.0
1981-03-17,6871.0
1981-03-18,6887.0
1981-03-20,6899.0
1981-03-21,6899.0
1981-03-22,6919.0
1981-03-27,6934.0
1981-03-28,6934.0
1981-03-29,6962.0
1981-03-30,6965.0
1981-04-01,6985.0
1981-04-02,6994.0
1981-04-05,6997.0
1981-04-09,7051.0
1981-04-10,7051.0
1981-04-11,7051.0
1981-04-12,7051.0
1981-04-13,7051.0
1981-04-14,7051.0
1981-04-17,7114.0
1981-04-18,7114.0
1981-04-19,7140.0
1981-04-28,7205.0
1981-04-29,7212.0
1981-04-30,7223.0
1981-05-01,7223.0
1981-05-02,7223.0
1981-05-03,7247.0
1981-05-04,7258.0
1981-05-14,7338.0
1981-05-17,7338.0
1981-05-18,7338.0
1981-05-24,7430.0
1981-05-25,7445.0
1981-05-26,7445.0
1981-05-27,7466.0
1981-05-28,7472.0
1981-05-29,7472.0
1981-05-30,7487.0
1981-12-07,9198.0
1981-12-08,9198.0
1981-12-09,9218.0
1981-12-10,9226.0
1981-12-11,9226.0
1981-12-12,9226.0
1981-12-19,9289.0
1981-12-20,9296.0
1981-12-26,9350.0
1982-01-04,9412.0
1982-01-17,9515.0
1982-01-18,9515.0
1982-01-25,9585.0
1982-01-26,9594.0
1982-01-29,9605.0
1982-01-30,9605.0
1982-02-01,9621.0
1982-02-02,9621.0
1982-02-05,9656.0
1982-02-06,9656.0
1982-02-08,9680.0
1982-02-09,9680.0
1982-02-10,9680.0
1982-02-14,9719.0
1982-02-15,9719.0
1982-02-16,9758.0
1982-02-17,9758.0
1982-02-18,9758.0
1982-02-19,9758.0
1982-02-22,9804.0
1982-02-23,9810.0
1982-02-25,9810.0
1982-02-27,9810.0
1982-03-01,9855.0
1982-03-02,9855.0
1982-03-03,9848.0
1982-03-05,9871.0
1982-03-06,9892.0
1982-03-07,9892.0
1982-03-13,9941.0
1982-03-14,9952.0
1982-03-15,9961.0
1982-03-17,9982.0
1982-03-19,9994.0
1982-03-20,9994.0
1982-03-21,9994.0
1982-03-24,10041.0
1982-03-26,10057.0
1982-03-27,10064.0
1982-03-28,10064.0
1982-03-29,10064.0
1982-03-30,10064.0
1982-03-31,10096.0
1982-04-01,10101.0
1982-04-02,10113.0
1982-04-08,10171.0
1982-04-19,10251.0
1982-04-24,10298.0
1982-05-10,10422.0
1982-05-11,10422.0
1982-05-13,10446.0
1982-05-15,10459.0
1982-05-25,10529.0
1982-05-26,10529.0
1982-05-29,10565.0
1982-05-30,10572.0
1982-12-07,12271.0
1982-12-08,12271.0
1982-12-09,12271.0
1982-12-10,12302.0
1982-12-11,12302.0
1982-12-29,12431.0
1983-01-02,12467.0
1983-01-03,12467.0
1983-01-04,12486.0
1983-01-05,12494.0
1983-01-10,12514.0
1983-01-16,12554.0
1983-01-20,12590.0
1983-01-21,12590.0
1983-01-24,12631.0
1983-01-25,12631.0
1983-01-26,12649.0
1983-01-27,12649.0
1983-01-28,12649.0
1983-01-31,12686.0
1983-02-01,12698.0
1983-02-08,12759.0
1983-02-09,12779.0
1983-02-14,12803.0
1983-02-15,12803.0
1983-02-18,12843.0
1983-02-19,12857.0
1983-02-22,12867.0
1983-02-23,12893.0
1983-02-25,12916.0
1983-02-27,12918.0
1983-02-28,12918.0
1983-03-01,12918.0
1983-03-02,12918.0
1983-03-06,12973.0
1983-03-07,12973.0
1983-03-08,12973.0
1983-03-09,13011.0
1983-03-10,13022.0
1983-03-12,13034.0
1983-03-13,13034.0
1983-03-14,13063.0
1983-03-15,13063.0
1983-03-16,13063.0
1983-03-19,13106.0
1983-03-20,13101.0
1983-03-21,13101.0
1983-03-22,13101.0
1983-03-23,13131.0
1983-03-24,13131.0
1983-03-25,13131.0
1983-03-28,13169.0
1983-04-01,13202.0
1983-04-02,13216.0
1983-04-03,13216.0
1983-04-04,13230.0
1983-04-05,13230.0
1983-04-06,13230.0
1983-04-07,13239.0
1983-04-08,13262.0
1983-04-09,13262.0
1983-04-10,13275.0
1983-04-11,13275.0
1983-04-12,13275.0
1983-04-13,13304.0
1983-04-14,13309.0
1983-04-15,13313.0
1983-04-16,13313.0
1983-04-17,13325.0
1983-04-28,13429.0
1983-04-29,13439.0
1983-04-30,13439.0
1983-05-02,13464.0
1983-05-03,13472.0
1983-05-04,13472.0
1983-05-05,13478.0
1983-05-09,13494.0
1983-05-12,13535.0
1983-05-13,13547.0
1983-05-18,13596.0
1983-05-19,13616.0
1983-05-21,13629.0
1983-05-22,13648.0
1983-05-25,13666.0
1983-05-26,13684.0
1983-05-30,13703.0
1983-12-12,15502.0
1983-12-13,15502.0
1983-12-25,15626.0
1983-12-26,15626.0
1983-12-27,15626.0
1984-01-14,15786.0
1984-01-15,15786.0
1984-01-16,15805.0
1984-01-17,15785.0
1984-01-22,15849.0
1984-01-23,15849.0
1984-02-03,15935.0
1984-02-07,15967.0
1984-02-08,15926.0
1984-02-13,15986.0
1984-02-14,15986.0
1984-02-15,16018.0
1984-02-18,16053.0
1984-02-19,16053.0
1984-02-20,16065.0
1984-02-21,16065.0
1984-03-08,16178.0
1984-03-12,16223.0
1984-03-13,16223.0
1984-03-14,16233.0
1984-03-15,16233.0
1984-03-16,16233.0
1984-03-17,16233.0
1984-03-18,16266.0
1984-03-19,16266.0
1984-03-22,16266.0
1984-03-23,16309.0
1984-03-24,16295.0
1984-03-26,16295.0
1984-03-27,16295.0
1984-03-28,16295.0
1984-03-30,16353.0
1984-03-31,16353.0
1984-04-01,16353.0
1984-04-02,16373.0
1984-04-03,16373.0
1984-04-04,16373.0
1984-04-05,16390.0
1984-04-07,16402.0
1984-04-10,16422.0
1984-04-11,16424.0
1984-04-12,16431.0
1984-04-13,16453.0
1984-04-18,16497.0
1984-04-19,16499.0
1984-04-22,16511.0
1984-04-25,16548.0
1984-04-26,16558.0
1984-05-02,16617.0
1984-05-03,16617.0
1984-05-06,16644.0
1984-05-09,16659.0
1984-05-10,16669.0
1984-05-13,16687.0
1984-05-14,16687.0
1984-05-17,16714.0
1984-05-20,16754.0
1984-05-30,16816.0
1984-12-07,18520.0
1984-12-08,18542.0
1984-12-09,18555.0
1984-12-10,18555.0
1984-12-11,18574.0
1984-12-13,18588.0
1984-12-14,18588.0
1984-12-15,18606.0
1984-12-27,18707.0
1984-12-28,18713.0
1984-12-29,18713.0
1984-12-31,18746.0
1985-01-01,18747.0
1985-01-02,18741.0
1985-01-03,18741.0
1985-01-12,18833.0
1985-01-13,18786.0
1985-01-17,18868.0
1985-01-19,18875.0
1985-01-24,18924.0
1985-02-02,18980.0
1985-02-03,18991.0
1985-02-06,19019.0
1985-02-14,19093.0
1985-02-15,19093.0
1985-02-16,19093.0
1985-02-22,19153.0
1985-02-27,19170.0
1985-03-03,19211.0
1985-03-04,19211.0
1985-03-07,19250.0
1985-03-08,19250.0
1985-03-09,19271.0
1985-03-19,19328.0
1985-03-20,19327.0
1985-03-21,19327.0
1985-03-22,19341.0
1985-03-23,19361.0
1985-03-24,19341.0
1985-03-25,19341.0
1985-03-26,19341.0
1985-03-30,19413.0
1985-03-31,19415.0
1985-04-01,19415.0
1985-04-05,19454.0
1985-04-07,19477.0
1985-04-09,19496.0
1985-04-10,19503.0
1985-04-11,19496.0
1985-04-12,19523.0
1985-04-16,19552.0
1985-04-17,19552.0
1985-04-23,19607.0
1985-04-24,19612.0
1985-05-06,19706.0
1985-05-07,19706.0
1985-05-08,19706.0
1985-05-09,19727.0
1985-05-10,19735.0
1985-05-23,19839.0
1985-05-25,19854.0
1985-05-26,19854.0
1985-05-27,19854.0
1985-05-28,19854.0
1985-05-29,19854.0
1985-05-31,19892.0
1985-12-04,21526.0
1985-12-05,21526.0
1985-12-06,21526.0
1985-12-07,21553.0
1985-12-12,21588.0
1985-12-13,21591.0
1985-12-15,21602.0
1985-12-16,21615.0
1985-12-18,21628.0
1985-12-19,21628.0
1985-12-20,21628.0
1985-12-21,21628.0
1985-12-23,21659.0
1985-12-26,21685.0
1985-12-27,21687.0
1985-12-28,21687.0
1986-01-12,21794.0
1986-01-13,21804.0
1986-01-15,21819.0
1986-01-16,21819.0
1986-01-20,21857.0
1986-01-21,21857.0
1986-02-01,21932.0
1986-02-02,21932.0
1986-02-09,21996.0
1986-02-10,21996.0
1986-02-15,22039.0
1986-02-17,22062.0
1986-02-19,22075.0
1986-02-20,22083.0
1986-02-21,22089.0
1986-03-03,22161.0
1986-03-04,22177.0
1986-03-07,22188.0
1986-03-08,22188.0
1986-03-09,22188.0
1986-03-10,22188.0
1986-03-11,22233.0
1986-03-12,22233.0
1986-03-13,22233.0
1986-03-14,22233.0
1986-03-16,22268.0
1986-03-17,22268.0
1986-03-18,22290.0
1986-03-20,22304.0
1986-03-21,22304.0
1986-03-25,22358.0
1986-03-26,22358.0
1986-03-27,22358.0
1986-03-31,22401.0
1986-04-05,22445.0
1986-04-07,22453.0
1986-04-08,22468.0
1986-04-10,22472.0
1986-04-11,22472.0
1986-04-12,22472.0
1986-04-13,22509.0
1986-04-16,22535.0
1986-04-17,22535.0
1986-04-18,22552.0
1986-04-19,22552.0
1986-04-21,22566.0
1986-04-24,22601.0
1986-04-25,22604.0
1986-04-27,22606.0
1986-04-28,22629.0
1986-04-29,22643.0
1986-05-03,22647.0
1986-05-04,22647.0
1986-05-05,22647.0
1986-05-11,22734.0
1986-05-12,22734.0
1986-05-14,22762.0
1986-05-17,22781.0
1986-05-19,22802.0
1986-05-22,22831.0
1986-05-29,22879.0
1986-12-01,24571.0
1986-12-02,24571.0
1986-12-03,24571.0
1986-12-04,24571.0
1986-12-05,24571.0
1986-12-06,24571.0
1986-12-11,24668.0
1986-12-12,24683.0
1986-12-13,24683.0
1986-12-14,24691.0
1986-12-17,24716.0
1986-12-18,24733.0
1986-12-20,24738.0
1986-12-21,24738.0
1986-12-28,24795.0
1986-12-29,24811.0
1986-12-30,24818.0
1986-12-31,24828.0
1987-01-17,24967.0
1987-01-27,25034.0
1987-01-28,25043.0
1987-02-03,25096.0
1987-02-04,25096.0
1987-02-10,25132.0
1987-02-11,25132.0
1987-02-12,25132.0
1987-02-24,25246.0
1987-03-01,25282.0
1987-03-03,25282.0
1987-03-04,25282.0
1987-03-05,25282.0
1987-03-14,25365.0
1987-03-15,25365.0
1987-03-17,25399.0
1987-03-18,25402.0
1987-03-20,25421.0
1987-03-21,25429.0
1987-03-22,25429.0
1987-03-24,25450.0
1987-03-27,25426.0
1987-03-28,25426.0
1987-03-29,25426.0
1987-03-30,25473.0
1987-03-31,25473.0
1987-04-03,25513.0
1987-04-04,25513.0
1987-04-05,25527.0
1987-04-06,25529.0
1987-04-07,25529.0
1987-04-09,25562.0
1987-04-10,25562.0
1987-04-11,25562.0
1987-04-12,25582.0
1987-04-13,25572.0
1987-04-14,25572.0
1987-04-15,25572.0
1987-04-16,25572.0
1987-04-18,25611.0
1987-04-19,25611.0
1987-04-20,25611.0
1987-04-21,25611.0
1987-04-24,25680.0
1987-04-25,25680.0
1987-04-27,25664.0
1987-04-29,25729.0
1987-04-30,25732.0
1987-05-01,25742.0
1987-05-03,25746.0
1987-05-04,25752.0
1987-05-07,25788.0
1987-05-18,25868.0
1987-05-20,25886.0
1987-05-22,25905.0
1987-05-23,25917.0
1987-05-24,25917.0
1987-05-29,25968.0
1987-05-30,25979.0
1987-12-08,27698.0
1987-12-11,27731.0
1987-12-12,27731.0
1987-12-13,27750.0
1987-12-14,27685.0
1987-12-24,27812.0
1987-12-25,27812.0
1987-12-28,27845.0
1987-12-29,27845.0
1987-12-30,27845.0
1987-12-31,27845.0
1988-01-01,27845.0
1988-01-02,27886.0
1988-01-07,27905.0
1988-01-08,27905.0
1988-01-14,27973.0
1988-01-19,28022.0
1988-01-20,28022.0
1988-01-21,28022.0
1988-01-26,28081.0
1988-01-31,28103.0
1988-02-03,28129.0
1988-02-15,28227.0
1988-02-17,28230.0
1988-02-18,28230.0
1988-02-19,28230.0
1988-02-23,28294.0
1988-02-24,28300.0
1988-02-25,28297.0
1988-02-26,28297.0
1988-02-27,28334.0
1988-02-28,28334.0
1988-02-29,28349.0
1988-03-01,28349.0
1988-03-02,28248.0
1988-03-03,28248.0
1988-03-04,28248.0
1988-03-05,28248.0
1988-03-06,28248.0
1988-03-07,28409.0
1988-03-09,28409.0
1988-03-10,28409.0
1988-03-11,28409.0
1988-03-12,28409.0
1988-03-13,28444.0
1988-03-14,28444.0
1988-03-15,28463.0
1988-03-16,28471.0
1988-03-18,28494.0
1988-03-19,28494.0
1988-03-20,28494.0
1988-03-21,28437.0
1988-03-23,28524.0
1988-03-24,28524.0
1988-03-25,28524.0
1988-03-28,28572.0
1988-04-01,28597.0
1988-04-17,28667.0
1988-04-21,28747.0
1988-04-26,28786.0
1988-04-27,28793.0
1988-04-28,28793.0
1988-04-29,28810.0
1988-04-30,28804.0
1988-05-01,28804.0
1988-05-02,28804.0
1988-05-03,28841.0
1988-05-05,28857.0
1988-05-06,28857.0
1988-05-09,28891.0
1988-05-10,28891.0
1988-05-11,28898.0
1988-05-12,28907.0
1988-05-15,28913.0
1988-05-18,28941.0
1988-05-19,28941.0
1988-05-20,28941.0
1988-05-21,28941.0
1988-05-22,28941.0
1988-05-23,28973.0
1988-05-24,28973.0
1988-05-29,29048.0
1988-05-30,29048.0
1988-05-31,29048.0
1988-12-01,30769.0
1988-12-02,30769.0
1988-12-16,30837.0
1988-12-17,30837.0
1988-12-18,30837.0
1988-12-19,30837.0
1988-12-20,30837.0
1988-12-22,30935.0
1988-12-23,30913.0
1988-12-25,30959.0
1988-12-26,30913.0
1988-12-27,30913.0
1988-12-28,30913.0
1988-12-29,30913.0
1989-01-03,31016.0
1989-01-04,31016.0
1989-01-05,31016.0
1989-01-06,31016.0
1989-01-07,31059.0
1989-01-08,31059.0
1989-01-09,31076.0
1989-01-29,31202.0
1989-01-30,31202.0
1989-02-01,31225.0
1989-02-02,31225.0
1989-02-03,31225.0
1989-02-11,31318.0
1989-02-12,31322.0
1989-02-14,31344.0
1989-02-15,31344.0
1989-02-18,31371.0
1989-02-19,31359.0
1989-02-20,31359.0
1989-02-21,31359.0
1989-02-22,31359.0
1989-02-23,31359.0
1989-02-24,31359.0
1989-03-12,31551.0
1989-03-15,31550.0
1989-03-17,31550.0
1989-03-18,31550.0
1989-03-19,31550.0
1989-03-20,31550.0
1989-03-21,31550.0
1989-03-23,31625.0
1989-03-26,31653.0
1989-03-27,31653.0
1989-03-28,31647.0
1989-03-29,31647.0
1989-03-30,31647.0
1989-03-31,31647.0
1989-04-02,31697.0
1989-04-06,31752.0
1989-04-07,31752.0
1989-04-08,31752.0
1989-04-09,31752.0
1989-04-10,31774.0
1989-04-11,31785.0
1989-04-15,31812.0
1989-04-24,31897.0
1989-04-25,31897.0
1989-04-26,31897.0
1989-04-28,31929.0
1989-04-29,31929.0
1989-04-30,31937.0
1989-05-01,31939.0
1989-05-07,31986.0
1989-05-08,32012.0
1989-05-16,32076.0
1989-05-20,32098.0
1989-05-24,32126.0
1989-05-25,32141.0
1989-05-26,32147.0
1989-05-27,32157.0
1989-05-28,32172.0
1989-12-03,33946.0
1989-12-04,33946.0
1989-12-05,33946.0
1989-12-06,33946.0
1989-12-07,33946.0
1989-12-08,33946.0
1989-12-15,34037.0
1989-12-16,34037.0
1989-12-17,34051.0
1989-12-23,34090.0
1989-12-24,34096.0
1989-12-25,34103.0
1989-12-26,34103.0
1989-12-27,34103.0
1990-01-04,34180.0
1990-01-05,34186.0
1990-01-09,34229.0
1990-01-10,34229.0
1990-01-15,34284.0
1990-01-16,34284.0
1990-01-17,34284.0
1990-01-18,34284.0
1990-01-19,34284.0
1990-01-20,34336.0
1990-01-25,34384.0
1990-01-26,34384.0
1990-01-27,34384.0
1990-01-28,34412.0
1990-01-29,34412.0
1990-01-30,34436.0
1990-02-03,34444.0
1990-02-04,34467.0
1990-02-05,34467.0
1990-02-06,34467.0
1990-02-07,34467.0
1990-02-10,34507.0
1990-02-11,34507.0
1990-02-12,34507.0
1990-02-13,34533.0
1990-02-18,34566.0
1990-02-19,34574.0
1990-02-21,34574.0
1990-02-26,34641.0
1990-03-01,34672.0
1990-03-02,34672.0
1990-03-03,34672.0
1990-03-04,34672.0
1990-03-06,34715.0
1990-03-08,34742.0
1990-03-09,34750.0
1990-03-13,34800.0
1990-03-14,34800.0
1990-03-15,34811.0
1990-03-18,34828.0
1990-03-19,34833.0
1990-03-20,34833.0
1990-03-21,34833.0
1990-03-22,34833.0
1990-03-23,34863.0
1990-03-24,34875.0
1990-03-25,34875.0
1990-03-27,34888.0
1990-03-28,34888.0
1990-03-29,34921.0
1990-03-31,34945.0
1990-04-01,34933.0
1990-04-02,34957.0
1990-04-05,34984.0
1990-04-06,34984.0
1990-04-09,35002.0
1990-04-10,35003.0
1990-04-11,35003.0
1990-04-13,35011.0
1990-04-14,35039.0
1990-04-15,35047.0
1990-04-16,35054.0
1990-04-17,35061.0
1990-04-18,35073.0
1990-04-19,35073.0
1990-04-20,35046.0
1990-04-21,35089.0
1990-04-28,35149.0
1990-04-29,35149.0
1990-05-13,35247.0
1990-05-14,35252.0
1990-05-15,35252.0
1990-05-18,35284.0
1990-05-19,35292.0
1990-05-20,35301.0
1990-05-21,35302.0
1990-05-22,35302.0
1990-12-17,37160.0
1990-12-18,37160.0
1990-12-19,37160.0
1990-12-21,37189.0
1990-12-22,37189.0
1990-12-26,37230.0
1990-12-27,37230.0
1990-12-28,37230.0
1990-12-29,37230.0
1990-12-30,37230.0
1991-01-01,37278.0
1991-01-02,37284.0
1991-01-03,37284.0
1991-01-06,37326.0
1991-01-09,37350.0
1991-01-10,37354.0
1991-01-15,37381.0
1991-01-19,37417.0
1991-01-20,37417.0
1991-01-21,37417.0
1991-01-23,37455.0
1991-01-24,37457.0
1991-01-25,37457.0
1991-01-26,37457.0
1991-01-27,37457.0
1991-01-28,37457.0
1991-02-07,37594.0
1991-02-08,37594.0
1991-02-09,37594.0
1991-02-10,37594.0
1991-02-11,37594.0
1991-02-17,37672.0
1991-02-18,37672.0
1991-02-25,37740.0
1991-02-26,37742.0
1991-02-27,37742.0
1991-02-28,37758.0
1991-03-01,37758.0
1991-03-02,37758.0
1991-03-03,37784.0
1991-03-04,37786.0
1991-03-05,37794.0
1991-03-06,37791.0
1991-03-07,37791.0
1991-03-08,37791.0
1991-03-15,37873.0
1991-03-16,37873.0
1991-03-17,37873.0
1991-03-18,37873.0
1991-03-22,37935.0
1991-03-23,37941.0
1991-03-24,37943.0
1991-03-25,37943.0
1991-03-26,37963.0
1991-03-27,37973.0
1991-03-28,37981.0
1991-03-31,38004.0
1991-04-01,38004.0
1991-04-02,38016.0
1991-04-05,38014.0
1991-04-07,38050.0
1991-04-09,38066.0
1991-04-11,38077.0
1991-04-13,38102.0
1991-04-14,38108.0
1991-04-16,38125.0
1991-04-29,38231.0
1991-04-30,38231.0
1991-05-01,38215.0
1991-05-02,38251.0
1991-05-03,38251.0
1991-05-04,38251.0
1991-05-05,38266.0
1991-05-06,38275.0
1991-05-08,38290.0
1991-05-10,38308.0
1991-05-11,38286.0
1991-05-12,38327.0
1991-05-15,38347.0
1991-05-16,38356.0
1991-05-19,38381.0
1991-05-20,38386.0
1991-05-22,38399.0
1991-05-23,38399.0
1991-05-24,38399.0
1991-05-26,38436.0
1991-05-27,38442.0
1991-05-29,38459.0
1991-05-30,38464.0
1991-05-31,38464.0
1991-12-02,40172.0
1991-12-03,40212.0
1991-12-04,40212.0
1991-12-05,40223.0
1991-12-06,40223.0
1991-12-09,40246.0
1991-12-10,40246.0
1991-12-11,40246.0
1991-12-12,40272.0
1991-12-13,40272.0
1991-12-14,40272.0
1991-12-15,40272.0
1991-12-16,40272.0
1991-12-17,40272.0
1991-12-21,40353.0
1991-12-24,40382.0
1991-12-25,40386.0
1991-12-26,40386.0
1991-12-27,40386.0
1992-01-01,40437.0
1992-01-02,40437.0
1992-01-03,40437.0
1992-01-04,40437.0
1992-01-05,40437.0
1992-01-06,40480.0
1992-01-07,40480.0
1992-01-17,40556.0
1992-01-18,40556.0
1992-01-19,40556.0
1992-01-22,40590.0
1992-01-23,40590.0
1992-01-24,40590.0
1992-01-25,40590.0
1992-01-26,40590.0
1992-01-27,40590.0
1992-01-28,40590.0
1992-01-29,40590.0
1992-01-30,40590.0
1992-01-31,40657.0
1992-02-01,40657.0
1992-02-04,40681.0
1992-02-05,40704.0
1992-02-06,40704.0
1992-02-10,40755.0
1992-02-11,40755.0
1992-02-12,40755.0
1992-02-18,40832.0
1992-02-24,40857.0
1992-02-25,40857.0
1992-02-26,40857.0
1992-02-27,40857.0
1992-02-28,40916.0
1992-03-02,40930.0
1992-03-03,40930.0
1992-03-04,40954.0
1992-03-10,40998.0
1992-03-11,40998.0
1992-03-12,41006.0
1992-03-13,41006.0
1992-03-14,41033.0
1992-03-15,41030.0
1992-03-16,41030.0
1992-03-17,41030.0
1992-03-18,41030.0
1992-03-19,41030.0
1992-03-20,41063.0
1992-03-21,41069.0
1992-03-22,41083.0
1992-03-23,41085.0
1992-03-24,41085.0
1992-03-25,41085.0
1992-03-26,41104.0
1992-03-27,41104.0
1992-03-28,41104.0
1992-03-29,41129.0
1992-03-30,41133.0
1992-03-31,41136.0
1992-04-01,41136.0
1992-04-03,41176.0
1992-04-04,41176.0
1992-04-05,41176.0
1992-04-07,41176.0
1992-04-15,41253.0
1992-04-16,41276.0
1992-04-18,41294.0
1992-04-19,41298.0
1992-04-20,41298.0
1992-04-21,41298.0
1992-04-25,41333.0
1992-04-26,41333.0
1992-04-27,41333.0
1992-04-28,41367.0
1992-04-29,41367.0
1992-05-01,41386.0
1992-05-05,41432.0
1992-05-07,41444.0
1992-05-09,41457.0
1992-05-10,41457.0
1992-05-11,41454.0
1992-05-12,41478.0
1992-05-13,41489.0
1992-05-16,41509.0
1992-05-17,41509.0
1992-05-18,41530.0
1992-05-19,41530.0
1992-05-27,41604.0
1992-05-31,41642.0
1992-12-04,43329.0
1992-12-05,43329.0
1992-12-06,43345.0
1992-12-07,43345.0
1992-12-20,43448.0
1992-12-21,43450.0
1992-12-22,43450.0
1992-12-23,43450.0
1992-12-24,43450.0
1992-12-28,43514.0
1992-12-29,43518.0
1992-12-30,43518.0
1992-12-31,43518.0
1993-01-04,43557.0
1993-01-05,43569.0
1993-01-06,43569.0
1993-01-07,43575.0
1993-01-08,43575.0
1993-01-09,43575.0
1993-01-10,43575.0
1993-01-11,43611.0
1993-01-12,43617.0
1993-01-13,43617.0
1993-01-14,43644.0
1993-01-15,43644.0
1993-01-16,43644.0
1993-01-25,43731.0
1993-01-26,43739.0
1993-01-30,43752.0
1993-01-31,43775.0
1993-02-01,43775.0
1993-02-03,43781.0
1993-02-04,43781.0
1993-02-05,43781.0
1993-02-06,43781.0
1993-02-07,43781.0
1993-02-08,43781.0
1993-02-13,43880.0
1993-02-14,43880.0
1993-02-15,43880.0
1993-02-18,43913.0
1993-02-19,43913.0
1993-02-20,43913.0
1993-02-21,43920.0
1993-02-22,43920.0
1993-02-24,43950.0
1993-02-25,43950.0
1993-02-26,43950.0
1993-03-06,44006.0
1993-03-07,44006.0
1993-03-08,44006.0
1993-03-09,44006.0
1993-03-10,44006.0
1993-03-11,44006.0
1993-03-12,44006.0
1993-03-13,44071.0
1993-03-19,44114.0
1993-03-20,44114.0
1993-03-21,44114.0
1993-03-22,44114.0
1993-03-23,44114.0
1993-03-24,44152.0
1993-03-25,44155.0
1993-03-26,44169.0
1993-03-27,44169.0
1993-04-09,44271.0
1993-04-10,44271.0
1993-04-11,44285.0
1993-04-12,44296.0
1993-04-13,44296.0
1993-04-15,44311.0
1993-04-16,44311.0
1993-04-23,44339.0
1993-04-24,44388.0
1993-04-26,44393.0
1993-04-27,44393.0
1993-04-28,44393.0
1993-04-29,44416.0
1993-04-30,44431.0
1993-05-01,44431.0
1993-05-04,44462.0
1993-05-05,44469.0
1993-05-06,44482.0
1993-05-07,44482.0
1993-05-08,44482.0
1993-05-09,44509.0
1993-05-10,44516.0
1993-05-11,44516.0
1993-05-12,44507.0
1993-05-14,44542.0
1993-05-17,44564.0
1993-05-21,44589.0
1993-05-22,44589.0
1993-05-23,44620.0
1993-05-24,44620.0
1993-05-29,44669.0
1993-05-30,44676.0
1993-05-31,44676.0
1993-12-05,46311.0
1993-12-06,46311.0
1993-12-07,46309.0
1993-12-08,46344.0
1993-12-20,46445.0
1994-01-03,46522.0
1994-01-04,46522.0
1994-01-05,46522.0
1994-01-11,46611.0
1994-01-12,46611.0
1994-01-13,46611.0
1994-01-14,46635.0
1994-01-15,46635.0
1994-01-16,46635.0
1994-01-17,46651.0
1994-01-23,46697.0
1994-01-24,46703.0
1994-01-25,46703.0
1994-01-26,46703.0
1994-01-27,46703.0
1994-01-29,46750.0
1994-01-30,46757.0
1994-01-31,46757.0
1994-02-01,46762.0
1994-02-02,46785.0
1994-02-03,46797.0
1994-02-04,46804.0
1994-02-07,46835.0
1994-02-08,46835.0
1994-02-09,46835.0
1994-02-10,46835.0
1994-02-19,46925.0
1994-02-20,46925.0
1994-02-21,46925.0
1994-02-22,46925.0
1994-02-25,46977.0
1994-03-01,47003.0
1994-03-02,47006.0
1994-03-03,47006.0
1994-03-08,47036.0
1994-03-10,47045.0
1994-03-11,47072.0
1994-03-12,47074.0
1994-03-13,47074.0
1994-03-14,47087.0
1994-03-15,47087.0
1994-03-16,47097.0
1994-03-17,47097.0
1994-03-19,47128.0
1994-03-21,47146.0
1994-03-23,47167.0
1994-03-24,47177.0
1994-03-25,47190.0
1994-03-26,47204.0
1994-03-27,47190.0
1994-03-28,47190.0
1994-03-29,47190.0
1994-04-01,47251.0
1994-04-02,47242.0
1994-04-03,47242.0
1994-04-04,47242.0
1994-04-05,47242.0
1994-04-08,47302.0
1994-04-10,47313.0
1994-04-17,47368.0
1994-04-18,47376.0
1994-04-23,47424.0
1994-05-02,47499.0
1994-05-03,47503.0
1994-05-05,47501.0
1994-05-06,47501.0
1994-05-08,47548.0
1994-05-11,47566.0
1994-05-12,47569.0
1994-12-01,49338.0
1994-12-02,49338.0
1994-12-04,49372.0
1994-12-05,49372.0
1994-12-06,49372.0
1994-12-07,49372.0
1994-12-08,49372.0
1994-12-18,49487.0
1994-12-19,49487.0
1994-12-20,49504.0
1994-12-21,49504.0
1995-01-08,49639.0
1995-01-09,49639.0
1995-01-10,49664.0
1995-01-12,49650.0
1995-01-13,49685.0
1995-01-17,49691.0
1995-01-18,49691.0
1995-01-20,49749.0
1995-01-26,49799.0
1995-02-05,49849.0
1995-02-06,49849.0
1995-02-07,49849.0
1995-02-08,49849.0
1995-02-09,49849.0
1995-02-10,49910.0
1995-02-11,49910.0
1995-02-13,49945.0
1995-02-14,49945.0
1995-02-15,49957.0
1995-02-16,49957.0
1995-02-23,50021.0
1995-02-24,50017.0
1995-03-06,50094.0
1995-03-07,50094.0
1995-03-08,50094.0
1995-03-09,50118.0
1995-03-10,50123.0
1995-03-11,50132.0
1995-03-14,50141.0
1995-03-15,50141.0
1995-03-16,50141.0
1995-03-18,50170.0
1995-03-19,50186.0
1995-03-20,50185.0
1995-03-21,50185.0
1995-03-22,50185.0
1995-03-23,50185.0
1995-03-24,50218.0
1995-03-25,50218.0
1995-03-26,50241.0
1995-03-27,50241.0
1995-03-28,50241.0
1995-03-30,50272.0
1995-03-31,50275.0
1995-04-07,50335.0
1995-04-12,50392.0
1995-04-13,50398.0
1995-04-16,50416.0
1995-04-17,50416.0
1995-04-20,50457.0
1995-04-21,50420.0
1995-04-22,50483.0
1995-04-23,50486.0
1995-04-24,50486.0
1995-04-25,50486.0
1995-04-26,50486.0
1995-04-28,50519.0
1995-05-01,50552.0
1995-05-03,50548.0
1995-05-08,50606.0
1995-05-09,50606.0
1995-05-14,50640.0
1995-05-15,50640.0
1995-05-16,50656.0
1995-05-17,50656.0
1995-05-18,50656.0
1995-05-19,50656.0
1995-05-21,50696.0
1995-05-22,50710.0
1995-05-28,50754.0
1995-05-30,50768.0
1995-12-04,52483.0
1995-12-05,52483.0
1995-12-06,52483.0
1995-12-07,52483.0
1995-12-08,52483.0
1995-12-12,52526.0
1995-12-13,52540.0
1995-12-14,52552.0
1995-12-15,52556.0
1995-12-16,52556.0
1995-12-17,52556.0
1995-12-20,52596.0
1995-12-26,52628.0
1996-01-07,52722.0
1996-01-12,52782.0
1996-01-13,52782.0
1996-01-14,52799.0
1996-01-15,52799.0
1996-01-16,52816.0
1996-01-22,52870.0
1996-01-23,52878.0
1996-01-24,52878.0
1996-02-02,52957.0
1996-02-03,52957.0
1996-02-05,52994.0
1996-02-06,52994.0
1996-02-09,53027.0
1996-02-10,53023.0
1996-02-11,53023.0
1996-02-12,53053.0
1996-02-14,53066.0
1996-02-21,53115.0
1996-02-22,53115.0
1996-02-23,53118.0
1996-02-24,53118.0
1996-02-25,53118.0
1996-02-26,53118.0
1996-02-27,53174.0
1996-02-29,53185.0
1996-03-01,53198.0
1996-03-02,53142.0
1996-03-03,53142.0
1996-03-04,53142.0
1996-03-05,53142.0
1996-03-06,53142.0
1996-03-07,53142.0
1996-03-08,53142.0
1996-03-09,53142.0
1996-03-10,53142.0
1996-03-11,53142.0
1996-03-12,53258.0
1996-03-13,53265.0
1996-03-14,53265.0
1996-03-15,53276.0
1996-03-16,53295.0
1996-03-17,53301.0
1996-03-18,53310.0
1996-03-20,53321.0
1996-03-21,53331.0
1996-03-22,53339.0
1996-03-23,53338.0
1996-03-24,53338.0
1996-03-25,53339.0
1996-03-26,53361.0
1996-03-28,53380.0
1996-03-29,53380.0
1996-03-30,53380.0
1996-03-31,53414.0
1996-04-06,53457.0
1996-04-13,53484.0
1996-04-14,53484.0
1996-04-15,53484.0
1996-04-16,53528.0
1996-04-18,53541.0
1996-04-19,53520.0
1996-04-20,53520.0
1996-04-23,53573.0
1996-04-25,53573.0
1996-04-26,53601.0
1996-04-30,53625.0
1996-05-01,53641.0
1996-05-02,53644.0
1996-05-06,53682.0
1996-05-07,53682.0
1996-05-12,53739.0
1996-05-15,53768.0
1996-05-20,53781.0
1996-05-24,53846.0
1996-05-29,53882.0
1996-05-30,53882.0
1996-12-23,55693.0
1996-12-25,55712.0
1996-12-27,55680.0
1997-01-16,55893.0
1997-01-17,55893.0
1997-01-18,55893.0
1997-01-19,55893.0
1997-01-21,55962.0
1997-01-22,55958.0
1997-01-25,55983.0
1997-01-26,55983.0
1997-01-27,55983.0
1997-02-12,56131.0
1997-02-22,56199.0
1997-02-23,56199.0
1997-02-24,56199.0
1997-02-27,56244.0
1997-02-28,56244.0
1997-03-01,56244.0
1997-03-05,56283.0
1997-03-06,56283.0
1997-03-07,56283.0
1997-03-08,56320.0
1997-03-09,56320.0
1997-03-10,56320.0
1997-03-11,56320.0
1997-03-12,56343.0
1997-03-13,56363.0
1997-03-14,56370.0
1997-03-15,56375.0
1997-03-16,56375.0
1997-03-17,56375.0
1997-03-18,56375.0
1997-03-19,56375.0
1997-03-23,56460.0
1997-03-25,56464.0
1997-03-26,56464.0
1997-03-27,56477.0
1997-03-28,56477.0
1997-03-30,56484.0
1997-03-31,56484.0
1997-04-02,56529.0
1997-04-03,56529.0
1997-04-05,56523.0
1997-04-06,56523.0
1997-04-07,56557.0
1997-04-09,56579.0
1997-04-10,56579.0
1997-04-11,56579.0
1997-04-19,56654.0
1997-04-26,56711.0
1997-05-06,56776.0
1997-05-07,56800.0
1997-05-08,56807.0
1997-05-09,56816.0
1997-05-14,56849.0
1997-05-16,56880.0
1997-05-18,56885.0
1997-05-19,56903.0
1997-05-20,56903.0
1997-05-30,56993.0
1997-12-01,58716.0
1997-12-02,58718.0
1997-12-04,58739.0
1997-12-07,58768.0
1997-12-08,58768.0
1997-12-09,58768.0
1997-12-10,58768.0
1997-12-11,58764.0
1997-12-13,58805.0
1997-12-14,58805.0
1997-12-15,58805.0
1997-12-17,58816.0
1997-12-18,58816.0
1997-12-28,58894.0
1998-01-03,58918.0
1998-01-05,58932.0
1998-01-06,58932.0
1998-01-07,58932.0
1998-01-10,58972.0
1998-01-11,58972.0
1998-01-12,58990.0
1998-01-13,58994.0
1998-01-14,58994.0
1998-01-15,58990.0
1998-01-16,58990.0
1998-01-17,59023.0
1998-01-19,59037.0
1998-01-20,59037.0
1998-01-21,59037.0
1998-01-22,59037.0
1998-01-25,59079.0
1998-01-26,59079.0
1998-01-27,59079.0
1998-01-29,59113.0
1998-01-30,59113.0
1998-01-31,59113.0
1998-02-08,59099.0
1998-02-09,59099.0
1998-02-10,59099.0
1998-02-12,59206.0
1998-02-13,59206.0
1998-02-14,59206.0
1998-02-15,59206.0
1998-02-17,59254.0
1998-02-18,59267.0
1998-02-19,59267.0
1998-02-23,59296.0
1998-02-24,59296.0
1998-02-25,59296.0
1998-02-26,59334.0
1998-02-27,59341.0
1998-02-28,59341.0
1998-03-01,59341.0
1998-03-02,59341.0
1998-03-03,59341.0
1998-03-04,59341.0
1998-03-06,59386.0
1998-03-07,59385.0
1998-03-08,59385.0
1998-03-11,59428.0
1998-03-12,59430.0
1998-03-13,59430.0
1998-03-15,59461.0
1998-03-18,59469.0
1998-03-19,59469.0
1998-03-20,59469.0
1998-03-22,59509.0
1998-03-23,59509.0
1998-03-24,59509.0
1998-03-25,59509.0
1998-03-29,59560.0
1998-03-30,59560.0
1998-03-31,59586.0
1998-04-01,59592.0
1998-04-02,59592.0
1998-04-04,59619.0
1998-04-05,59624.0
1998-04-06,59630.0
1998-04-07,59630.0
1998-04-08,59651.0
1998-04-10,59661.0
1998-04-20,59717.0
1998-04-21,59717.0
1998-04-22,59717.0
1998-04-23,59717.0
1998-04-24,59756.0
1998-04-25,59756.0
1998-04-26,59756.0
1998-04-27,59796.0
1998-04-29,59823.0
1998-04-30,59823.0
1998-05-01,59843.0
1998-05-02,59843.0
1998-05-03,59853.0
1998-05-05,59874.0
1998-05-07,59898.0
1998-05-08,59905.0
1998-05-09,59905.0
1998-05-11,59932.0
1998-05-14,59920.0
1998-05-15,59920.0
1998-05-18,59983.0
1998-05-19,59983.0
1998-05-20,60014.0
1998-05-22,60029.0
1998-05-23,60039.0
1998-05-30,60088.0
1998-05-31,60066.0
1998-12-24,61970.0
1998-12-25,61970.0
1998-12-31,62011.0
1999-01-01,62011.0
1999-01-02,62011.0
1999-01-06,62082.0
1999-01-07,62082.0
1999-01-10,62106.0
1999-01-19,62158.0
1999-01-20,62158.0
1999-01-21,62170.0
1999-02-04,62247.0
1999-02-05,62278.0
1999-02-06,62278.0
1999-02-07,62291.0
1999-02-09,62278.0
1999-02-15,62363.0
1999-02-16,62369.0
1999-02-20,62359.0
1999-02-21,62359.0
1999-02-22,62359.0
1999-02-24,62439.0
1999-02-26,62452.0
1999-02-27,62469.0
1999-02-28,62469.0
1999-03-01,62469.0
1999-03-02,62469.0
1999-03-03,62469.0
1999-03-05,62523.0
1999-03-06,62523.0
1999-03-07,62523.0
1999-03-12,62585.0
1999-03-13,62589.0
1999-03-14,62589.0
1999-03-15,62615.0
1999-03-21,62637.0
1999-03-22,62637.0
1999-03-27,62695.0
1999-03-29,62710.0
1999-03-31,62719.0
1999-04-02,62736.0
1999-04-04,62748.0
1999-04-05,62758.0
1999-04-06,62758.0
1999-04-08,62779.0
1999-04-09,62779.0
1999-04-10,62779.0
1999-04-15,62829.0
1999-04-20,62856.0
1999-04-21,62869.0
1999-04-22,62873.0
1999-04-23,62893.0
1999-05-05,62980.0
1999-05-06,62980.0
1999-05-14,63059.0
1999-05-15,63059.0
1999-05-17,63072.0
1999-05-21,63091.0
1999-05-22,63118.0
1999-05-23,63118.0
1999-05-25,63153.0
1999-05-26,63153.0
1999-05-27,63153.0
1999-05-29,63199.0
1999-05-30,63199.0
1999-05-31,63199.0
1999-12-09,65029.0
1999-12-10,65040.0
2000-01-06,65223.0
2000-01-07,65223.0
2000-01-08,65252.0
2000-01-11,65278.0
2000-01-12,65284.0
2000-01-15,65316.0
2000-01-17,65315.0
2000-01-18,65315.0
2000-01-19,65344.0
2000-01-20,65356.0
2000-01-29,65417.0
2000-01-30,65417.0
2000-02-14,65547.0
2000-02-18,65589.0
2000-02-25,65651.0
2000-02-26,65661.0
2000-02-28,65671.0
2000-03-08,65759.0
2000-03-09,65764.0
2000-03-12,65796.0
2000-03-13,65802.0
2000-03-14,65811.0
2000-03-23,65881.0
2000-03-24,65867.0
2000-03-25,65867.0
2000-03-26,65867.0
2000-03-27,65867.0
2000-03-28,65914.0
2000-03-29,65923.0
2000-04-23,66111.0
2000-04-24,66111.0
2000-04-25,66111.0
2000-04-27,66132.0
2000-04-28,66132.0
2000-04-29,66132.0
2000-04-30,66132.0
2000-05-01,66179.0
2000-05-03,66197.0
2000-05-10,66246.0
2000-05-11,66257.0
2000-05-12,66266.0
2000-05-21,66337.0
2000-05-23,66352.0
2000-05-24,66352.0
2000-05-25,66352.0
2000-05-26,66352.0
2000-05-27,66377.0
2000-05-28,66394.0
2000-05-29,66400.0
2000-05-30,66409.0
2000-05-31,66409.0
2000-12-01,68002.0
2000-12-02,68002.0
2000-12-04,68032.0
2000-12-10,68056.0
2000-12-12,68056.0
2000-12-15,68106.0
2000-12-16,68106.0
2000-12-17,68106.0
2000-12-30,68221.0
2000-12-31,68221.0
2001-01-01,68221.0
2001-01-16,68336.0
2001-01-24,68407.0
2001-01-29,68445.0
2001-01-30,68456.0
2001-01-31,68456.0
2001-02-01,68471.0
2001-02-14,68569.0
2001-02-19,68601.0
2001-02-21,68607.0
2001-02-22,68607.0
2001-02-26,68658.0
2001-03-11,68736.0
2001-03-18,68809.0
2001-03-22,68858.0
2001-03-23,68864.0
2001-03-24,68857.0
2001-03-26,68857.0
2001-03-27,68893.0
2001-03-28,68898.0
2001-03-30,68911.0
2001-04-08,68982.0
2001-04-26,69147.0
2001-04-27,69147.0
2001-04-28,69147.0
2001-05-04,69199.0
2001-05-08,69259.0
2001-05-09,69259.0
2001-05-16,69321.0
2001-05-25,69399.0
2001-05-27,69410.0
2001-05-28,69424.0
2001-05-29,69434.0
2001-05-30,69449.0
2001-05-31,69440.0
2001-12-02,71164.0
2001-12-05,71183.0
2001-12-06,71183.0
2001-12-07,71212.0
2001-12-12,71266.0
2001-12-13,71266.0
2001-12-16,71298.0
2001-12-17,71298.0
2001-12-20,71306.0
2001-12-21,71306.0
2001-12-22,71306.0
2001-12-31,71435.0
2002-01-08,71473.0
2002-01-09,71473.0
2002-01-10,71513.0
2002-01-11,71513.0
2002-01-12,71513.0
2002-01-13,71513.0
2002-01-15,71560.0
2002-01-16,71571.0
2002-01-17,71587.0
2002-01-18,71593.0
2002-01-20,71607.0
2002-01-22,71630.0
2002-01-23,71642.0
2002-01-24,71648.0
2002-01-28,71686.0
2002-01-30,71706.0
2002-01-31,71717.0
2002-02-06,71760.0
2002-02-07,71767.0
2002-02-08,71767.0
2002-02-11,71795.0
2002-02-12,71807.0
2002-02-13,71810.0
2002-02-14,71810.0
2002-02-15,71810.0
2002-02-16,71810.0
2002-02-17,71810.0
2002-02-19,71858.0
2002-02-20,71866.0
2002-02-21,71869.0
2002-02-22,71869.0
2002-02-25,71907.0
2002-02-26,71913.0
2002-02-28,71934.0
2002-03-02,71951.0
2002-03-03,71961.0
2002-03-04,71963.0
2002-03-14,72039.0
2002-03-20,72087.0
2002-03-21,72087.0
2002-03-22,72087.0
2002-03-23,72114.0
2002-03-25,72134.0
2002-03-26,72146.0
2002-03-27,72159.0
2002-03-28,72159.0
2002-03-29,72125.0
2002-03-30,72125.0
2002-04-03,72193.0
2002-04-04,72219.0
2002-04-05,72210.0
2002-04-06,72210.0
2002-04-09,72255.0
2002-04-12,72254.0
2002-04-13,72254.0
2002-04-14,72254.0
2002-04-15,72254.0
2002-04-18,72216.0
2002-04-19,72313.0
2002-04-20,72317.0
2002-04-21,72317.0
2002-04-22,72334.0
2002-04-24,72362.0
2002-04-25,72353.0
2002-04-26,72378.0
2002-04-27,72385.0
2002-04-29,72400.0
2002-04-30,72411.0
2002-05-01,72417.0
2002-05-11,72506.0
2002-05-12,72506.0
2002-05-13,72510.0
2002-05-14,72529.0
2002-05-18,72547.0
2002-05-19,72547.0
2002-05-20,72547.0
2002-05-21,72547.0
2002-05-26,72625.0
2002-05-27,72625.0
2002-12-01,74383.0
2002-12-09,74447.0
2002-12-10,74447.0
2002-12-11,74447.0
2002-12-12,74447.0
2002-12-13,74447.0
2002-12-14,74447.0
2002-12-17,74515.0
2002-12-22,74526.0
2002-12-23,74526.0
2002-12-31,74610.0
2003-01-16,74752.0
2003-01-18,74773.0
2003-01-26,74826.0
2003-01-27,74829.0
2003-01-29,74832.0
2003-01-30,74839.0
2003-02-05,74873.0
2003-02-06,74873.0
2003-02-13,74963.0
2003-02-14,74952.0
2003-02-15,74952.0
2003-02-16,74983.0
2003-02-17,74922.0
2003-02-18,74922.0
2003-02-19,74922.0
2003-02-20,75014.0
2003-02-21,75023.0
2003-02-22,75023.0
2003-02-24,75047.0
2003-02-26,75071.0
2003-02-27,75071.0
2003-03-01,75096.0
2003-03-02,75108.0
2003-03-04,75125.0
2003-03-12,75183.0
2003-03-13,75183.0
2003-03-14,75183.0
2003-03-16,75212.0
2003-03-20,75230.0
2003-03-21,75236.0
2003-03-22,75236.0
2003-03-24,75264.0
2003-03-26,75277.0
2003-03-27,75277.0
2003-03-28,75277.0
2003-03-31,75300.0
2003-04-01,75300.0
2003-04-04,75346.0
2003-04-05,75358.0
2003-04-06,75358.0
2003-04-07,75358.0
2003-04-09,75358.0
2003-04-14,75423.0
2003-04-15,75439.0
2003-04-16,75439.0
2003-04-17,75439.0
2003-04-18,75461.0
2003-04-19,75479.0
2003-04-20,75483.0
2003-04-21,75476.0
2003-04-22,75476.0
2003-04-23,75476.0
2003-04-26,75541.0
2003-05-02,75596.0
2003-05-03,75595.0
2003-05-04,75595.0
2003-05-05,75614.0
2003-05-09,75637.0
2003-05-15,75689.0
2003-05-16,75689.0
2003-05-17,75703.0
2003-05-18,75703.0
2003-05-19,75703.0
2003-05-20,75703.0
2003-05-25,75776.0
2003-05-30,75818.0
2003-12-03,77571.0
2003-12-04,77581.0
2003-12-05,77590.0
2003-12-06,77594.0
2003-12-07,77594.0
2003-12-16,77664.0
2003-12-17,77664.0
2003-12-27,77742.0
2003-12-28,77720.0
2003-12-29,77747.0
2004-01-07,77809.0
2004-01-08,77809.0
2004-01-09,77809.0
2004-01-10,77846.0
2004-01-11,77846.0
2004-01-12,77846.0
2004-01-13,77846.0
2004-01-14,77846.0
2004-01-15,77846.0
2004-01-16,77894.0
2004-01-20,77935.0
2004-01-21,77935.0
2004-01-22,77935.0
2004-01-23,77935.0
2004-01-24,77935.0
2004-01-27,77979.0
2004-01-30,78012.0
2004-01-31,78023.0
2004-02-02,78037.0
2004-02-07,78063.0
2004-02-08,78063.0
2004-02-09,78083.0
2004-02-14,78124.0
2004-02-15,78124.0
2004-02-16,78124.0
2004-02-24,78210.0
2004-02-28,78229.0
2004-03-06,78287.0
2004-03-09,78311.0
2004-03-10,78311.0
2004-03-11,78315.0
2004-03-13,78334.0
2004-03-14,78334.0
2004-03-15,78334.0
2004-03-16,78334.0
2004-03-17,78334.0
2004-03-18,78360.0
2004-03-19,78371.0
2004-03-20,78371.0
2004-03-21,78394.0
2004-03-22,78399.0
2004-03-23,78412.0
2004-03-25,78435.0
2004-03-26,78440.0
2004-03-27,78449.0
2004-03-28,78457.0
2004-03-30,78473.0
2004-03-31,78484.0
2004-04-01,78424.0
2004-04-02,78424.0
2004-04-05,78503.0
2004-04-06,78503.0
2004-04-11,78596.0
2004-04-12,78586.0
2004-04-13,78613.0
2004-04-14,78618.0
2004-04-15,78613.0
2004-04-16,78613.0
2004-04-17,78630.0
2004-04-18,78662.0
2004-04-19,78662.0
2004-04-21,78675.0
2004-04-25,78675.0
2004-04-26,78675.0
2004-04-28,78737.0
2004-04-29,78742.0
2004-04-30,78745.0
2004-05-06,78794.0
2004-05-07,78794.0
2004-05-10,78834.0
2004-05-11,78834.0
2004-05-12,78848.0
2004-05-13,78862.0
2004-05-14,78862.0
2004-05-17,78886.0
2004-05-18,78886.0
2004-05-19,78886.0
2004-05-20,78913.0
2004-05-23,78957.0
2004-05-24,78961.0
2004-05-25,78973.0
2004-05-26,78983.0
2004-12-09,80815.0
2004-12-10,80815.0
2004-12-11,80843.0
2004-12-12,80843.0
2004-12-13,80848.0
2004-12-14,80848.0
2004-12-15,80848.0
2004-12-16,80848.0
2004-12-17,80848.0
2004-12-18,80848.0
2004-12-21,80917.0
2004-12-26,80946.0
2004-12-27,80946.0
2004-12-28,80946.0
2004-12-29,80946.0
2004-12-30,80988.0
2004-12-31,80988.0
2005-01-01,81002.0
2005-01-02,81018.0
2005-01-04,81038.0
2005-01-07,81055.0
2005-01-11,81096.0
2005-01-12,81096.0
2005-01-13,81113.0
2005-01-18,81168.0
2005-01-20,81164.0
2005-01-21,81195.0
2005-01-23,81195.0
2005-01-24,81195.0
2005-01-27,81256.0
2005-01-28,81269.0
2005-01-29,81269.0
2005-01-30,81269.0
2005-01-31,81269.0
2005-02-01,81247.0
2005-02-02,81247.0
2005-02-06,81366.0
2005-02-07,81357.0
2005-02-08,81376.0
2005-02-09,81376.0
2005-02-10,81376.0
2005-02-11,81376.0
2005-02-12,81409.0
2005-02-13,81409.0
2005-02-14,81409.0
2005-02-15,81409.0
2005-02-16,81448.0
2005-02-19,81481.0
2005-02-20,81488.0
2005-02-21,81499.0
2005-02-22,81454.0
2005-02-23,81454.0
2005-02-26,81542.0
2005-02-28,81563.0
2005-03-01,81563.0
2005-03-02,81563.0
2005-03-05,81612.0
2005-03-06,81617.0
2005-03-08,81637.0
2005-03-09,81657.0
2005-03-11,81644.0
2005-03-12,81644.0
2005-03-13,81644.0
2005-03-14,81698.0
2005-03-15,81698.0
2005-03-16,81714.0
2005-03-17,81714.0
2005-03-18,81729.0
2005-03-19,81735.0
2005-03-20,81735.0
2005-03-21,81745.0
2005-03-23,81774.0
2005-03-24,81774.0
2005-03-25,81774.0
2005-03-26,81776.0
2005-03-28,81808.0
2005-03-29,81808.0
2005-03-30,81823.0
2005-03-31,81823.0
2005-04-03,81841.0
2005-04-04,81841.0
2005-04-05,81841.0
2005-04-06,81873.0
2005-04-07,81888.0
2005-04-09,81898.0
2005-04-10,81900.0
2005-04-19,81944.0
2005-05-05,82116.0
2005-05-06,82121.0
2005-05-07,82133.0
2005-05-28,82305.0
2005-05-29,82310.0
2005-12-04,84153.0
2005-12-22,84291.0
2005-12-23,84291.0
2005-12-24,84291.0
2005-12-25,84295.0
2005-12-26,84295.0
2005-12-27,84325.0
2006-01-13,84473.0
2006-01-14,84473.0
2006-01-15,84473.0
2006-01-16,84473.0
2006-01-17,84473.0
2006-01-25,84568.0
2006-01-26,84561.0
2006-01-27,84561.0
2006-01-28,84561.0
2006-01-29,84610.0
2006-01-30,84619.0
2006-02-09,84675.0
2006-02-10,84675.0
2006-02-11,84675.0
2006-02-12,84706.0
2006-02-13,84721.0
2006-02-15,84731.0
2006-02-16,84746.0
2006-02-17,84756.0
2006-02-18,84756.0
2006-02-19,84783.0
2006-02-22,84800.0
2006-02-23,84815.0
2006-02-24,84815.0
2006-02-25,84815.0
2006-02-26,84815.0
2006-02-28,84873.0
2006-03-10,84977.0
2006-03-11,84977.0
2006-03-12,84994.0
2006-03-16,85037.0
2006-03-18,85048.0
2006-03-19,85048.0
2006-03-20,85081.0
2006-03-21,85082.0
2006-03-23,85117.0
2006-03-30,85151.0
2006-03-31,85179.0
2006-04-07,85225.0
2006-04-08,85225.0
2006-04-09,85255.0
2006-04-10,85252.0
2006-04-11,85252.0
2006-04-12,85267.0
2006-04-19,85329.0
2006-04-20,85340.0
2006-04-27,85385.0
2006-04-28,85409.0
2006-05-10,85497.0
2006-05-11,85497.0
2006-05-12,85510.0
2006-05-27,85618.0
2006-05-29,85639.0
2006-05-30,85651.0
2006-05-31,85651.0
2006-12-02,87455.0
2006-12-03,87455.0
2006-12-04,87455.0
2006-12-05,87455.0
2006-12-11,87523.0
2006-12-12,87528.0
2006-12-15,87558.0
2006-12-24,87627.0
2006-12-25,87633.0
2006-12-28,87648.0
2006-12-29,87648.0
2007-01-13,87757.0
2007-01-17,87790.0
2007-01-18,87790.0
2007-01-23,87841.0
2007-01-24,87845.0
2007-02-01,87901.0
2007-02-02,87917.0
2007-02-05,87934.0
2007-02-08,87984.0
2007-02-09,87984.0
2007-02-10,87984.0
2007-02-11,87984.0
2007-02-14,88038.0
2007-02-15,88038.0
2007-02-19,88074.0
2007-02-20,88074.0
2007-02-25,88130.0
2007-02-26,88130.0
2007-02-27,88138.0
2007-02-28,88138.0
2007-03-01,88165.0
2007-03-02,88165.0
2007-03-11,88247.0
2007-03-12,88247.0
2007-03-13,88263.0
2007-03-15,88266.0
2007-03-16,88266.0
2007-03-17,88266.0
2007-03-18,88266.0
2007-03-19,88266.0
2007-03-20,88266.0
2007-03-25,88295.0
2007-03-26,88295.0
2007-03-27,88295.0
2007-03-28,88295.0
2007-03-29,88295.0
2007-03-30,88295.0
2007-03-31,88295.0
2007-04-03,88414.0
2007-04-04,88414.0
2007-04-05,88428.0
2007-04-08,88451.0
2007-04-13,88467.0
2007-04-14,88467.0
2007-04-15,88494.0
2007-04-16,88507.0
2007-04-21,88545.0
2007-04-22,88545.0
2007-04-23,88561.0
2007-04-29,88614.0
2007-05-01,88622.0
2007-05-07,88693.0
2007-05-09,88710.0
2007-05-10,88710.0
2007-05-12,88730.0
2007-05-13,88736.0
2007-05-14,88754.0
2007-05-15,88742.0
2007-05-16,88742.0
2007-05-17,88742.0
2007-05-18,88779.0
2007-05-20,88789.0
2007-05-21,88789.0
2007-05-22,88789.0
2007-05-23,88789.0
2007-05-24,88816.0
2007-12-08,90684.0
2007-12-15,90762.0
2007-12-16,90762.0
2007-12-17,90762.0
2007-12-18,90793.0
2007-12-19,90804.0
2007-12-20,90804.0
2007-12-22,90828.0
2008-01-04,90924.0
2008-01-05,90934.0
2008-01-06,90945.0
2008-01-07,90945.0
2008-01-08,90945.0
2008-01-09,90945.0
2008-01-10,90969.0
2008-01-11,90928.0
2008-01-12,90928.0
2008-01-14,91004.0
2008-01-15,91004.0
2008-01-16,91004.0
2008-01-17,91004.0
2008-01-18,91035.0
2008-01-19,91042.0
2008-01-20,91052.0
2008-01-22,91041.0
2008-01-23,91041.0
2008-01-24,91041.0
2008-01-25,91041.0
2008-01-26,91041.0
2008-01-27,91041.0
2008-01-30,91041.0
2008-01-31,91041.0
2008-02-01,91155.0
2008-02-07,91213.0
2008-02-08,91213.0
2008-02-09,91213.0
2008-02-10,91213.0
2008-02-15,91270.0
2008-02-16,91270.0
2008-02-20,91293.0
2008-02-21,91293.0
2008-02-27,91352.0
2008-02-28,91352.0
2008-03-03,91394.0
2008-03-04,91386.0
2008-03-05,91386.0
2008-03-14,91477.0
2008-03-15,91483.0
2008-03-16,91495.0
2008-03-21,91532.0
2008-03-23,91544.0
2008-03-24,91544.0
2008-03-25,91544.0
2008-03-27,91586.0
2008-03-28,91598.0
2008-03-30,91611.0
2008-04-03,91646.0
2008-04-04,91659.0
2008-04-08,91662.0
2008-04-09,91662.0
2008-04-10,91662.0
2008-04-12,91721.0
2008-04-18,91759.0
2008-04-22,91801.0
2008-05-04,91902.0
2008-05-26,92077.0
2008-05-27,92077.0
2008-12-05,93882.0
2008-12-06,93889.0
2008-12-07,93889.0
2008-12-08,93913.0
2008-12-15,93974.0
2008-12-16,93981.0
2008-12-17,93990.0
2008-12-18,94000.0
2008-12-19,94008.0
2008-12-20,94008.0
2008-12-22,94036.0
2008-12-23,94036.0
2008-12-24,94036.0
2009-01-01,94101.0
2009-01-02,94101.0
2009-01-03,94101.0
2009-01-15,94213.0
2009-01-16,94215.0
2009-01-21,94265.0
2009-01-22,94265.0
2009-01-23,94280.0
2009-01-24,94280.0
2009-01-25,94294.0
2009-02-11,94413.0
2009-02-12,94413.0
2009-02-13,94453.0
2009-02-21,94515.0
2009-02-22,94518.0
2009-02-25,94549.0
2009-02-26,94539.0
2009-02-27,94564.0
2009-02-28,94564.0
2009-03-01,94564.0
2009-03-02,94564.0
2009-03-03,94564.0
2009-03-10,94659.0
2009-03-11,94665.0
2009-03-12,94665.0
2009-03-17,94730.0
2009-03-18,94730.0
2009-03-22,94766.0
2009-03-23,94774.0
2009-03-25,94765.0
2009-03-26,94765.0
2009-03-27,94804.0
2009-03-28,94812.0
2009-03-29,94821.0
2009-03-30,94821.0
2009-03-31,94821.0
2009-04-01,94821.0
2009-04-02,94821.0
2009-04-04,94859.0
2009-04-05,94859.0
2009-04-08,94901.0
2009-04-09,94896.0
2009-04-10,94896.0
2009-04-12,94942.0
2009-04-13,94950.0
2009-04-14,94950.0
2009-04-15,94974.0
2009-04-16,94968.0
2009-04-17,94976.0
2009-04-18,94993.0
2009-04-19,95015.0
2009-04-22,95026.0
2009-04-25,95036.0
2009-04-26,95036.0
2009-04-27,95036.0
2009-04-30,95100.0
2009-05-01,95100.0
2009-05-02,95117.0
2009-05-03,95118.0
2009-05-07,95116.0
2009-05-10,95152.0
2009-05-11,95184.0
2009-05-12,95190.0
2009-05-13,95203.0
2009-05-14,95203.0
2009-05-23,95309.0
2009-05-25,95325.0
2009-05-26,95335.0
2009-05-27,95335.0
2009-05-30,95369.0
2009-05-31,95369.0
2009-12-08,97256.0
2009-12-09,97256.0
2009-12-10,97256.0
2009-12-12,97303.0
2009-12-16,97349.0
2009-12-19,97330.0
2009-12-20,97392.0
2009-12-21,97392.0
2010-01-02,97501.0
2010-01-12,97571.0
2010-01-13,97571.0
2010-01-26,97670.0
2010-02-04,97756.0
2010-02-05,97756.0
2010-02-06,97756.0
2010-02-07,97756.0
2010-02-08,97756.0
2010-02-12,97837.0
2010-02-16,97866.0
2010-02-17,97877.0
2010-02-18,97877.0
2010-02-19,97877.0
2010-02-20,97903.0
2010-02-21,97901.0
2010-02-22,97909.0
2010-02-23,97924.0
2010-02-24,97935.0
2010-02-25,97942.0
2010-02-26,97943.0
2010-02-27,97918.0
2010-02-28,97955.0
2010-03-01,97975.0
2010-03-02,97918.0
2010-03-03,97999.0
2010-03-12,98084.0
2010-03-13,98080.0
2010-03-19,98136.0
2010-03-20,98136.0
2010-03-21,98153.0
2010-03-22,98166.0
2010-03-23,98160.0
2010-03-26,98202.0
2010-03-27,98200.0
2010-03-28,98200.0
2010-03-29,98216.0
2010-03-30,98216.0
2010-03-31,98216.0
2010-04-01,98243.0
2010-04-02,98255.0
2010-04-03,98266.0
2010-04-10,98299.0
2010-04-13,98336.0
2010-04-14,98343.0
2010-04-15,98343.0
2010-04-17,98349.0
2010-04-18,98370.0
2010-04-19,98379.0
2010-04-20,98379.0
2010-04-21,98379.0
2010-04-23,98414.0
2010-04-24,98414.0
2010-04-25,98414.0
2010-04-30,98454.0
2010-05-01,98467.0
2010-05-02,98479.0
2010-05-03,98454.0
2010-05-04,98454.0
2010-05-05,98479.0
2010-05-07,98515.0
2010-05-08,98518.0
2010-05-09,98534.0
2010-05-11,98546.0
2010-05-12,98546.0
2010-05-13,98546.0
2010-05-14,98578.0
2010-05-15,98589.0
2010-05-16,98596.0
2010-05-17,98601.0
2010-05-18,98601.0
2010-05-19,98625.0
2010-05-20,98633.0
2010-05-21,98633.0
2010-05-22,98633.0
2010-05-23,98633.0
2010-05-24,98679.0
2010-05-25,98679.0
2010-05-26,98679.0
2010-05-28,98713.0
2010-05-31,98686.0
2010-12-05,100604.0
2010-12-06,100617.0
2010-12-07,100616.0
2010-12-08,100619.0
2010-12-09,100619.0
2010-12-10,100619.0
2010-12-11,100619.0
2010-12-30,100806.0
2010-12-31,100821.0
2011-01-01,100821.0
2011-01-09,100897.0
2011-01-10,100903.0
2011-01-14,100942.0
2011-01-16,100941.0
2011-01-17,100954.0
2011-01-18,100960.0
2011-01-19,100960.0
2011-01-20,100960.0
2011-01-21,100994.0
2011-01-31,101040.0
2011-02-01,101040.0
2011-02-02,101040.0
2011-02-03,101040.0
2011-02-04,101040.0
2011-02-06,101129.0
2011-02-07,101129.0
2011-02-09,101156.0
2011-02-10,101168.0
2011-02-11,101168.0
2011-02-12,101168.0
2011-02-13,101168.0
2011-02-14,101168.0
2011-02-15,101168.0
2011-02-16,101168.0
2011-02-17,101216.0
2011-02-18,101216.0
2011-02-21,101242.0
2011-02-26,101281.0
2011-02-28,101294.0
2011-03-01,101321.0
2011-03-02,101321.0
2011-03-03,101321.0
2011-03-07,101370.0
2011-03-09,101398.0
2011-03-13,101396.0
2011-03-15,101396.0
2011-03-19,101489.0
2011-03-20,101489.0
2011-03-21,101489.0
2011-03-24,101537.0
2011-03-25,101537.0
2011-03-27,101559.0
2011-04-04,101631.0
2011-04-09,101664.0
2011-04-10,101680.0
2011-04-11,101692.0
2011-04-12,101692.0
2011-04-16,101729.0
2011-04-17,101737.0
2011-04-20,101760.0
2011-05-05,101874.0
2011-05-06,101881.0
2011-05-08,101891.0
2011-05-09,101891.0
2011-05-20,101993.0
2011-05-21,101993.0
2011-05-22,102006.0
2011-05-23,102018.0
2011-05-25,102047.0
2011-05-26,102047.0
2011-05-29,102083.0
2011-05-30,102083.0
2011-05-31,102096.0
2011-12-27,104136.0
2011-12-28,104136.0
2012-01-01,104169.0
2012-01-02,104169.0
2012-01-08,104218.0
2012-01-09,104228.0
2012-01-12,104250.0
2012-01-13,104250.0
2012-01-14,104250.0
2012-01-15,104250.0
2012-01-19,104314.0
2012-01-21,104331.0
2012-02-02,104380.0
2012-02-03,104380.0
2012-02-08,104486.0
2012-02-09,104486.0
2012-02-11,104491.0
2012-02-16,104547.0
2012-02-17,104555.0
2012-02-18,104555.0
2012-02-19,104555.0
2012-02-20,104555.0
2012-02-26,104625.0
2012-02-29,104650.0
2012-03-03,104674.0
2012-03-04,104675.0
2012-03-05,104675.0
2012-03-13,104754.0
2012-03-14,104761.0
2012-03-15,104766.0
2012-03-16,104782.0
2012-03-17,104791.0
2012-03-18,104791.0
2012-03-19,104800.0
2012-03-21,104817.0
2012-03-22,104817.0
2012-03-24,104854.0
2012-03-25,104854.0
2012-03-27,104877.0
2012-03-28,104877.0
2012-03-29,104877.0
2012-03-30,104877.0
2012-03-31,104877.0
2012-04-01,104877.0
2012-04-08,104958.0
2012-04-09,104972.0
2012-04-13,105002.0
2012-04-16,105016.0
2012-04-17,105028.0
2012-04-18,105028.0
2012-04-19,105042.0
2012-04-20,105042.0
2012-04-22,105067.0
2012-04-23,105067.0
2012-04-24,105067.0
2012-04-26,105096.0
2012-04-27,105103.0
2012-04-28,105103.0
2012-04-29,105103.0
2012-04-30,105103.0
2012-05-01,105129.0
2012-05-24,105304.0
2012-05-28,105337.0
2012-12-06,107212.0
2012-12-12,107262.0
2012-12-13,107275.0
2012-12-14,107275.0
2012-12-16,107297.0
2012-12-17,107297.0
2012-12-22,107327.0
2012-12-23,107327.0
2012-12-25,107352.0
2012-12-26,107356.0
2012-12-27,107356.0
2012-12-30,107387.0
2013-01-07,107445.0
2013-01-08,107445.0
2013-01-09,107467.0
2013-01-10,107462.0
2013-01-11,107462.0
2013-01-12,107462.0
2013-01-17,107544.0
2013-01-18,107544.0
2013-01-21,107554.0
2013-01-22,107554.0
2013-01-30,107603.0
2013-02-01,107649.0
2013-02-02,107649.0
2013-02-03,107649.0
2013-02-04,107682.0
2013-02-05,107682.0
2013-02-06,107694.0
2013-02-07,107697.0
2013-02-08,107709.0
2013-02-09,107716.0
2013-02-15,107774.0
2013-02-16,107774.0
2013-02-17,107774.0
2013-02-18,107774.0
2013-02-21,107824.0
2013-02-22,107830.0
2013-02-23,107830.0
2013-02-26,107851.0
2013-03-02,107871.0
2013-03-03,107871.0
2013-03-06,107898.0
2013-03-08,107933.0
2013-03-11,107959.0
2013-03-12,107959.0
2013-03-13,107959.0
2013-03-20,108019.0
2013-03-22,108034.0
2013-03-23,108045.0
2013-03-27,108079.0
2013-03-28,108079.0
2013-04-04,108152.0
2013-04-05,108152.0
2013-04-06,108157.0
2013-04-07,108173.0
2013-04-08,108173.0
2013-04-21,108286.0
2013-04-22,108286.0
2013-04-23,108300.0
2013-04-24,108300.0
2013-04-25,108309.0
2013-04-26,108319.0
2013-04-27,108312.0
2013-04-28,108334.0
2013-05-02,108373.0
2013-05-03,108381.0
2013-05-07,108408.0
2013-05-13,108463.0
2013-05-14,108463.0
2013-05-15,108463.0
2013-05-16,108463.0
2013-05-17,108501.0
2013-05-19,108520.0
2013-05-20,108520.0
2013-05-21,108536.0
2013-05-25,108570.0
2013-05-26,108573.0
2013-05-27,108578.0
2013-05-28,108599.0
2013-05-29,108599.0
2013-05-30,108637.0
2013-05-31,108637.0
2013-12-01,110470.0
2013-12-04,110502.0
2013-12-05,110502.0
2013-12-06,110513.0
2013-12-10,110567.0
2013-12-14,110587.0
2013-12-15,110587.0
2013-12-16,110587.0
2013-12-31,110754.0
2014-01-07,110810.0
2014-01-12,110850.0
2014-01-17,110907.0
2014-01-18,110907.0
2014-01-21,110942.0
2014-01-22,110947.0
2014-02-02,111031.0
2014-02-03,111079.0
2014-02-04,111079.0
2014-02-05,111095.0
2014-02-06,111095.0
2014-02-13,111174.0
2014-02-14,111174.0
2014-02-15,111174.0
2014-02-16,111174.0
2014-02-17,111174.0
2014-02-21,111239.0
2014-02-22,111239.0
2014-02-23,111239.0
2014-02-26,111285.0
2014-02-27,111285.0
2014-02-28,111285.0
2014-03-10,111386.0
2014-03-11,111392.0
2014-03-13,111397.0
2014-03-14,111397.0
2014-03-15,111397.0
2014-03-16,111397.0
2014-03-17,111397.0
2014-03-22,111473.0
2014-03-23,111473.0
2014-03-26,111502.0
2014-03-27,111502.0
2014-03-31,111525.0
2014-04-01,111525.0
2014-04-03,111560.0
2014-04-04,111560.0
2014-04-05,111560.0
2014-04-10,111634.0
2014-04-11,111670.0
2014-04-15,111691.0
2014-04-19,111739.0
2014-04-20,111750.0
2014-04-25,111799.0
2014-05-07,111907.0
2014-05-08,111907.0
2014-05-09,111907.0
2014-05-10,111907.0
2014-05-11,111907.0
2014-05-12,111950.0
2014-05-13,111950.0
2014-05-14,111963.0
2014-05-15,111968.0
2014-05-16,111977.0
2014-05-23,112035.0
2014-05-27,112080.0
2014-05-28,112083.0
2014-05-30,112092.0
2014-12-02,113943.0
2014-12-06,113991.0
2014-12-07,113991.0
2014-12-13,114047.0
2014-12-14,114051.0
2014-12-24,114129.0
2014-12-31,114196.0
2015-01-01,114196.0
2015-01-02,114196.0
2015-01-03,114196.0
2015-01-04,114223.0
2015-01-05,114223.0
2015-01-10,114271.0
2015-01-11,114271.0
2015-01-17,114330.0
2015-01-19,114349.0
2015-01-20,114349.0
2015-01-21,114363.0
2015-01-22,114363.0
2015-01-29,114402.0
2015-01-30,114402.0
2015-02-11,114494.0
2015-02-12,114494.0
2015-02-13,114494.0
2015-02-15,114558.0
2015-02-17,114578.0
2015-02-18,114578.0
2015-02-19,114596.0
2015-02-20,114602.0
2015-02-21,114602.0
2015-02-22,114602.0
2015-02-23,114602.0
2015-02-24,114602.0
2015-02-25,114602.0
2015-02-26,114602.0
2015-02-27,114602.0
2015-03-01,114676.0
2015-03-02,114676.0
2015-03-03,114676.0
2015-03-04,114718.0
2015-03-14,114806.0
2015-03-15,114816.0
2015-03-16,114816.0
2015-03-18,114840.0
2015-03-19,114840.0
2015-03-20,114840.0
2015-03-23,114887.0
2015-03-24,114887.0
2015-03-27,114926.0
2015-03-28,114926.0
2015-03-29,114941.0
2015-03-30,114920.0
2015-03-31,114920.0
2015-04-01,114920.0
2015-04-02,114920.0
2015-04-03,114993.0
2015-04-04,114962.0
2015-04-05,115021.0
2015-04-06,115032.0
2015-04-13,115070.0
2015-04-14,115102.0
2015-04-15,115102.0
2015-04-16,115117.0
2015-04-17,115107.0
2015-04-18,115117.0
2015-04-19,115117.0
2015-04-20,115152.0
2015-04-22,115166.0
2015-04-25,115180.0
2015-04-26,115180.0
2015-05-08,115300.0
2015-05-09,115304.0
2015-05-10,115309.0
2015-05-15,115331.0
2015-05-16,115360.0
2015-05-17,115368.0
2015-05-22,115385.0
2015-05-24,115453.0
2015-05-27,115435.0
2015-12-01,117297.0
2015-12-02,117297.0
2015-12-03,117290.0
2015-12-04,117290.0
2015-12-05,117326.0
2015-12-08,117355.0
2015-12-09,117355.0
2015-12-10,117368.0
2015-12-11,117368.0
2015-12-12,117384.0
2015-12-25,117469.0
2015-12-26,117469.0
2015-12-31,117503.0
2016-01-01,117536.0
2016-01-02,117536.0
2016-01-03,117536.0
2016-01-04,117536.0
2016-01-10,117531.0
2016-01-11,117531.0
2016-01-19,117690.0
2016-01-20,117690.0
2016-01-21,117690.0
2016-01-22,117690.0
2016-01-25,117731.0
2016-01-26,117750.0
2016-01-27,117760.0
2016-01-28,117760.0
2016-01-29,117760.0
2016-02-12,117879.0
2016-02-19,117938.0
2016-02-20,117938.0
2016-02-21,117969.0
2016-02-22,117969.0
2016-02-24,117996.0
2016-02-25,117996.0
2016-03-07,118090.0
2016-03-10,118104.0
2016-03-11,118104.0
2016-03-12,118104.0
2016-03-13,118114.0
2016-03-14,118133.0
2016-03-15,118149.0
2016-03-16,118149.0
2016-03-21,118198.0
2016-03-22,118215.0
2016-03-23,118215.0
2016-03-24,118215.0
2016-03-27,118223.0
2016-03-28,118223.0
2016-03-29,118223.0
2016-03-30,118223.0
2016-03-31,118223.0
2016-04-01,118223.0
2016-04-02,118223.0
2016-04-03,118223.0
2016-04-04,118223.0
2016-04-05,118334.0
2016-04-06,118334.0
2016-04-07,118355.0
2016-04-08,118360.0
2016-04-09,118360.0
2016-04-11,118389.0
2016-04-13,118392.0
2016-04-14,118392.0
2016-04-15,118392.0
2016-04-16,118430.0
2016-04-17,118440.0
2016-04-18,118449.0
2016-04-19,118455.0
2016-04-20,118455.0
2016-04-21,118485.0
2016-04-22,118485.0
2016-04-23,118485.0
2016-04-24,118485.0
2016-04-25,118515.0
2016-04-28,118540.0
2016-04-29,118540.0
2016-04-30,118562.0
2016-05-01,118567.0
2016-05-04,118603.0
2016-05-05,118604.0
2016-05-08,118636.0
2016-05-11,118656.0
2016-05-13,118618.0
2016-05-14,118618.0
2016-05-16,118618.0
2016-05-17,118719.0
2016-05-18,118719.0
2016-05-19,118739.0
2016-05-20,118750.0
2016-05-21,118766.0
2016-05-22,118766.0
2016-05-24,118766.0
2016-05-25,118766.0
2016-05-26,118805.0
2016-05-27,118766.0
2016-05-29,118836.0
2016-05-30,118840.0
2016-05-31,118812.0
2016-12-03,120719.0
2016-12-04,120719.0
2016-12-05,120759.0
2016-12-06,120759.0
2016-12-07,120759.0
2016-12-08,120777.0
2016-12-09,120789.0
2016-12-10,120798.0
2016-12-16,120849.0
2016-12-25,120922.0
2016-12-26,120922.0
2016-12-27,120922.0
2016-12-28,120922.0
2017-01-01,120972.0
2017-01-02,120972.0
2017-01-14,121106.0
2017-01-22,121180.0
2017-01-23,121180.0
2017-01-24,121180.0
2017-01-25,121180.0
2017-01-27,121174.0
2017-01-28,121174.0
2017-01-29,121174.0
2017-01-30,121174.0
2017-02-02,121268.0
2017-02-03,121268.0
2017-02-04,121306.0
2017-02-05,121306.0
2017-02-13,121371.0
2017-02-14,121371.0
2017-02-15,121371.0
2017-02-16,121371.0
2017-02-17,121371.0
2017-02-18,121371.0
2017-02-19,121371.0
2017-02-20,121436.0
2017-02-21,121436.0
2017-02-22,121436.0
2017-02-23,121462.0
2017-02-27,121492.0
2017-02-28,121492.0
2017-03-04,121554.0
2017-03-08,121592.0
2017-03-09,121592.0
2017-03-10,121592.0
2017-03-11,121592.0
2017-03-12,121592.0
2017-03-14,121642.0
2017-03-15,121642.0
2017-03-16,121657.0
2017-03-17,121657.0
2017-03-20,121675.0
2017-03-21,121675.0
2017-03-22,121675.0
2017-03-24,121715.0
2017-03-25,121715.0
2017-03-26,121715.0
2017-03-27,121715.0
2017-03-28,121715.0
2017-03-29,121755.0
2017-03-30,121780.0
2017-04-02,121786.0
2017-04-03,121803.0
2017-04-04,121814.0
2017-04-05,121814.0
2017-04-06,121828.0
2017-04-08,121859.0
2017-04-10,121866.0
2017-04-11,121866.0
2017-04-18,121924.0
2017-04-21,121965.0
2017-04-23,121985.0
2017-04-24,121985.0
2017-04-25,122000.0
2017-05-02,122049.0
2017-05-05,122069.0
2017-05-06,122069.0
2017-05-07,122069.0
2017-05-13,122135.0
2017-05-23,122204.0
2017-05-27,122258.0
2017-05-30,122291.0
2017-05-31,122291.0
2017-12-05,124132.0
2017-12-06,124143.0
2017-12-08,124162.0
2017-12-09,124166.0
2017-12-10,124173.0
2017-12-11,124186.0
2017-12-24,124274.0
2017-12-25,124274.0
2017-12-26,124274.0
2017-12-31,124340.0
2018-01-01,124340.0
2018-01-02,124340.0
2018-01-03,124340.0
2018-01-12,124429.0
2018-01-29,124560.0
2018-01-31,124574.0
2018-02-05,124614.0
2018-02-07,124631.0
2018-02-11,124675.0
2018-02-12,124675.0
2018-02-13,124667.0
2018-02-14,124667.0
2018-02-17,124704.0
2018-02-19,124741.0
2018-02-20,124747.0
2018-02-23,124778.0
2018-02-25,124781.0
2018-02-26,124781.0
2018-02-28,124818.0
2018-03-01,124831.0
2018-03-02,124831.0
2018-03-09,124877.0
2018-03-10,124877.0
2018-03-11,124877.0
2018-03-12,124927.0
2018-03-13,124936.0
2018-03-15,124954.0
2018-03-16,124954.0
2018-03-17,124954.0
2018-03-22,125013.0
2018-03-28,125046.0
2018-04-06,125116.0
2018-04-07,125122.0
2018-04-13,125175.0
2018-04-14,125179.0
2018-04-15,125179.0
2018-04-17,125194.0
2018-04-18,125201.0
2018-04-19,125206.0
2018-04-21,125206.0
2018-04-22,125206.0
2018-04-23,125222.0
2018-04-24,125222.0
2018-04-30,125290.0
2018-05-04,125336.0
2018-05-05,125336.0
2018-05-06,125336.0
2018-05-07,125336.0
2018-05-10,125347.0
2018-05-11,125347.0
2018-05-12,125347.0
2018-05-13,125406.0
2018-05-14,125406.0
2018-05-20,125461.0
2018-05-21,125464.0
2018-05-24,125481.0
2018-05-25,125481.0
2018-05-27,125507.0
2018-05-28,125507.0
2018-05-29,125510.0
2018-12-08,127397.0
2018-12-14,127449.0
2018-12-15,127449.0
2018-12-16,127461.0
2018-12-17,127472.0
2018-12-18,127472.0
2018-12-19,127480.0
2019-01-03,127583.0
2019-01-04,127583.0
2019-01-07,127619.0
2019-01-09,127648.0
2019-01-10,127648.0
2019-01-14,127676.0
2019-01-15,127676.0
2019-01-16,127676.0
2019-01-17,127676.0
2019-01-18,127676.0
2019-01-19,127676.0
2019-01-20,127737.0
2019-01-21,127755.0
2019-01-22,127755.0
2019-01-29,127803.0
2019-02-01,127863.0
2019-02-03,127874.0
2019-02-04,127874.0
2019-02-06,127886.0
2019-02-07,127886.0
2019-02-08,127886.0
2019-02-09,127886.0
2019-02-11,127901.0
2019-02-12,127901.0
2019-02-13,127901.0
2019-02-15,127960.0
2019-02-16,127951.0
2019-02-17,127951.0
2019-02-18,127973.0
2019-02-19,127991.0
2019-02-20,127991.0
2019-02-21,127991.0
2019-02-23,128016.0
2019-02-25,128039.0
2019-02-26,128050.0
2019-02-27,128055.0
2019-02-28,128055.0
2019-03-01,128064.0
2019-03-02,128064.0
2019-03-05,128111.0
2019-03-06,128111.0
2019-03-11,128145.0
2019-03-14,128172.0
2019-03-15,128177.0
2019-03-16,128189.0
2019-03-17,128199.0
2019-03-19,128216.0
2019-03-22,128233.0
2019-03-23,128233.0
2019-03-24,128233.0
2019-03-26,128243.0
2019-03-27,128243.0
2019-03-28,128243.0
2019-04-01,128312.0
2019-04-02,128312.0
2019-04-03,128342.0
2019-04-07,128369.0
2019-04-08,128380.0
2019-04-09,128380.0
2019-04-10,128393.0
2019-04-11,128393.0
2019-04-12,128393.0
2019-04-13,128393.0
2019-04-14,128393.0
2019-04-15,128393.0
2019-04-16,128393.0
2019-04-17,128445.0
2019-04-18,128452.0
2019-04-19,128449.0
2019-04-22,128473.0
2019-04-23,128473.0
2019-04-24,128473.0
2019-04-25,128516.0
2019-04-29,128549.0
2019-04-30,128539.0
2019-05-03,128582.0
2019-05-04,128588.0
2019-05-05,128602.0
2019-05-06,128613.0
2019-05-12,128655.0
2019-05-15,128685.0
2019-05-16,128693.0
2019-05-18,128689.0
2019-05-19,128712.0
2019-05-21,128712.0
2019-05-24,128755.0
2019-05-25,128756.0
2019-05-29,128807.0
