,ivt,ivtdir,trackID
0,152.0878597892328,224.91021331187994 degree,2861.0
1,245.0024409639672,220.23760859065467 degree,2861.0
2,108.57629970551012,231.68037841051355 degree,2871.0
3,149.77087931525034,237.0652245325259 degree,2871.0
4,69.22819411348405,270.4320425315212 degree,2975.0
5,272.28263691189653,238.35255709171548 degree,2975.0
6,191.855144925789,238.21083942230604 degree,2988.0
7,83.56968752498157,263.4872290823872 degree,3026.0
8,147.72054800556822,239.33782054715033 degree,3033.0
9,97.34333648259346,296.1117071594455 degree,3033.0
10,76.21462891743438,282.46317475764266 degree,3038.0
11,116.04056500575203,230.50413366400986 degree,3038.0
12,76.0784307099659,227.3018853535805 degree,3065.0
13,47.46926477251343,241.78506602468397 degree,3137.0
14,101.45317228082553,232.9664085188166 degree,3204.0
15,114.06570190186487,202.5035552575598 degree,3223.0
16,205.59645320464247,249.36328996963186 degree,3253.0
17,186.14644165551059,239.90861602748305 degree,3253.0
18,182.91411547104903,204.66874838608607 degree,3281.0
19,195.92355339203638,276.0858156297321 degree,3401.0
20,162.55026290352362,236.04582362864178 degree,3401.0
21,139.75763844492096,234.50997878318378 degree,3401.0
22,137.97359728725573,219.02575830965966 degree,3465.0
23,61.03204772258565,227.22221424167648 degree,3465.0
24,132.36816024445258,231.69766913492586 degree,3486.0
25,112.83349120415633,228.60132315202642 degree,3486.0
26,324.2958653672274,257.76348581339664 degree,3540.0
27,311.48405366964784,235.85804362807733 degree,3540.0
28,51.98590908892495,270.7111760870372 degree,6344.0
29,201.50594699258255,239.79924317723248 degree,6344.0
30,244.6083712508865,271.1366008508976 degree,6431.0
31,140.5529652193181,229.00979141178124 degree,6431.0
32,208.27159615183749,168.63874752711612 degree,6534.0
33,171.1127538713782,251.94196875166728 degree,6618.0
34,240.58399191477423,208.65298437164108 degree,6624.0
35,129.20007054424093,226.35538568887307 degree,6704.0
36,202.17506365818807,259.4747562815623 degree,6718.0
37,164.4991308594591,230.3698701486115 degree,6718.0
38,83.59987036518345,258.39099410442924 degree,9350.0
39,211.51648766405225,205.52775331060346 degree,9515.0
40,213.94311593010076,221.47436422565912 degree,9605.0
41,98.5617495453735,259.4046144806482 degree,9605.0
42,165.1375764010083,237.69827235619803 degree,9621.0
43,167.87678074493616,218.07016775788261 degree,9621.0
44,299.34217938650016,261.27232533375695 degree,9680.0
45,65.06165197961865,232.54811695620072 degree,9680.0
46,215.8399214173784,218.292266722612 degree,9719.0
47,98.25543062657208,141.7178851445197 degree,9758.0
48,329.68896275490073,247.88344745377782 degree,9758.0
49,41.24745477594808,214.77848755494733 degree,9804.0
50,129.58632952486977,265.37094377693404 degree,9810.0
51,42.491810337544564,238.4255893041386 degree,9810.0
52,327.00799296037474,236.5474373095512 degree,12271.0
53,174.55118305602576,205.1600084037811 degree,12302.0
54,112.03563420152989,248.7918804260387 degree,12590.0
55,74.3161002527589,213.1936398633755 degree,12616.0
56,102.4619301440644,211.97219255957168 degree,12631.0
57,171.24033932316613,210.4777227292338 degree,12631.0
58,365.582713368715,163.8257333202032 degree,12649.0
59,32.963274567055066,284.84728284826497 degree,12779.0
60,238.8557819051704,221.72011130340255 degree,12918.0
61,186.1136687602412,224.72221715821794 degree,12918.0
62,83.83190879683504,221.41205899732773 degree,15502.0
63,202.31182510364476,270.39437186130897 degree,18574.0
64,52.8802128832581,255.19774179529009 degree,18606.0
65,350.16417096694164,239.5670666459662 degree,18606.0
66,221.88752233696144,230.84954081395367 degree,18713.0
67,77.58027907858934,201.20711272514885 degree,18713.0
68,115.34365596100395,277.4899234706837 degree,18868.0
69,166.91986149375586,246.70495012519734 degree,18875.0
70,66.81440596013073,249.40506852795863 degree,18875.0
71,47.24805191599104,239.89802300014824 degree,18924.0
72,157.7363155626572,194.54396827115184 degree,21526.0
73,82.54691160790648,234.17280212448662 degree,21526.0
74,81.3231144812002,155.96386782033696 degree,21689.0
75,143.94688104297987,265.21461271285483 degree,21687.0
76,143.94688104297987,265.21461271285483 degree,21695.0
77,66.80509698760018,129.94247224507043 degree,21857.0
78,87.63891918026096,230.90334025867193 degree,21932.0
79,102.09545974917904,252.35361319030525 degree,22075.0
80,218.2540076522762,220.10195578922287 degree,22083.0
81,214.61258135433914,259.87597771829326 degree,24571.0
82,260.1397234771402,253.99095749938368 degree,24571.0
83,186.55675353316482,171.10584121416704 degree,24668.0
84,187.8098034237918,291.81494410691715 degree,24738.0
85,191.49576447199982,216.86360835581394 degree,24738.0
86,64.77573499975068,267.95052326307604 degree,25043.0
87,101.63055283081238,200.5056188596239 degree,25043.0
88,64.77573499975068,267.95052326307604 degree,25053.0
89,156.68616522584887,245.20218074771805 degree,25132.0
90,214.4690243459522,231.91669796076897 degree,25132.0
91,270.66916509361863,219.91794602291807 degree,27845.0
92,277.385131197328,243.07949822194408 degree,27845.0
93,166.81436136831897,234.83272120928245 degree,27886.0
94,195.8267275668669,272.6804023939941 degree,27905.0
95,213.60822612450616,242.90596375275283 degree,27905.0
96,237.83982853102276,185.52694758758872 degree,28022.0
97,48.16423284420239,286.6299798579193 degree,28022.0
98,63.021080494467085,258.57456735818846 degree,28081.0
99,158.00416189835116,250.7968360283214 degree,28230.0
100,213.01461974348123,214.30216154683535 degree,28230.0
101,79.18175997843593,317.5232236355904 degree,28310.0
102,82.73240527105291,280.4945201177652 degree,28310.0
103,186.6019653293189,268.1996057082736 degree,28297.0
104,118.1625756062114,236.43876603450005 degree,30769.0
105,118.1625756062114,236.43876603450005 degree,30776.0
106,197.33246812083436,234.93356260334482 degree,30913.0
107,252.0636968213179,218.1029694444529 degree,30913.0
108,77.57117719712144,245.07597226353076 degree,30913.0
109,331.37056628139146,167.71987004551556 degree,31016.0
110,176.6730726463141,223.13391922486886 degree,31016.0
111,151.6988498946081,248.0119823359315 degree,31202.0
112,278.48892110122756,245.98946571411565 degree,31225.0
113,145.15132502408824,215.20764617599676 degree,31225.0
114,134.43643539607245,234.71808761995047 degree,31322.0
115,147.94742432660541,262.6636922599746 degree,31344.0
116,248.65214599051606,258.2548724209533 degree,31344.0
117,265.0101552956917,242.68810045021124 degree,31359.0
118,141.36449165680833,252.43039928154656 degree,31359.0
119,216.25859422149088,226.36091512577136 degree,33946.0
120,330.33653415380024,242.12685819719727 degree,33946.0
121,187.2497854902132,253.24571233194527 degree,34037.0
122,170.4044710540731,227.19094848744706 degree,34037.0
123,194.72204868133952,225.03696365495136 degree,34051.0
124,332.3869399535394,242.88597477590787 degree,34284.0
125,121.20469090297433,223.06569030193836 degree,34284.0
126,229.13295169576529,255.76109057198116 degree,34336.0
127,164.95827616259504,254.31668116885464 degree,34340.0
128,129.8003632904299,246.44706866728475 degree,34384.0
129,108.05385648534704,246.54796241481756 degree,34384.0
130,129.8003632904299,246.44706866728475 degree,34388.0
131,164.49952164932205,275.58344275768 degree,34412.0
132,25.541025771026423,147.41103862400465 degree,34412.0
133,164.49952164932205,275.58344275768 degree,34426.0
134,67.16808914313984,246.89882919506314 degree,34436.0
135,226.82082377299253,187.60423932098269 degree,34467.0
136,218.15692342406433,227.75506371663673 degree,34467.0
137,160.30067246549063,229.91935762378418 degree,34507.0
138,116.12512996452759,210.57545902010318 degree,34507.0
139,128.13197141938844,195.32712819280601 degree,34641.0
140,31.95999035581925,313.4361997739846 degree,37160.0
141,524.0581157097118,229.52658984851857 degree,37160.0
142,25.905101241211785,221.76393996873958 degree,37175.0
143,101.26042537229296,239.2492935784197 degree,37189.0
144,108.73354058170224,221.90125118886132 degree,37189.0
145,456.1168870652147,185.563658703901 degree,37230.0
146,84.4577535662984,264.1545172762832 degree,37230.0
147,75.2601232804652,158.00893640219022 degree,37326.0
148,31.69094519866632,266.47355074767154 degree,37381.0
149,367.84158497324927,246.74433429734074 degree,37457.0
150,220.1167364931134,239.2263459599942 degree,37457.0
151,275.23835756799195,189.5474811839199 degree,37594.0
152,102.00146652875605,212.3977882036523 degree,37594.0
153,148.93848969246977,232.78746782698525 degree,40272.0
154,434.1096640126564,236.39618819340305 degree,40272.0
155,231.418828144993,259.6360621644728 degree,40437.0
156,246.4431857613239,251.67244984020778 degree,40437.0
157,163.31739788877377,176.09087535302 degree,40480.0
158,50.793357534530266,357.0345510223297 degree,40480.0
159,511.34004156740957,181.8431679645318 degree,40590.0
160,78.59293921919135,192.3714417865733 degree,40590.0
161,308.4643917510902,227.01939735165843 degree,40704.0
162,84.45758151224408,297.3505845844637 degree,40704.0
163,320.444023442247,223.7794445183132 degree,40755.0
164,109.38196058227264,245.3847170149072 degree,40755.0
165,45.979457149062355,297.2526782138101 degree,40832.0
166,94.10335943686633,237.0332608587577 degree,40857.0
167,381.1293990457391,249.483885410218 degree,40857.0
168,159.2149977913089,192.4737133720409 degree,40909.0
169,194.27485498203538,198.59344163090591 degree,40916.0
170,129.1576639310558,253.91727860455893 degree,43329.0
171,164.9867385680438,243.34109216613066 degree,43345.0
172,92.71519860487344,239.88063180012355 degree,43361.0
173,236.5626736695637,242.54224715872198 degree,43518.0
174,333.53834515147463,234.30730640535393 degree,43518.0
175,59.068143004566686,283.68109166105523 degree,43617.0
176,34.13149829845858,245.64017249940483 degree,43617.0
177,42.46788771113738,278.71936598168236 degree,43640.0
178,217.44820378135995,159.6136024874099 degree,43644.0
179,91.80180654918976,310.6214145026146 degree,43644.0
180,66.4714575187331,261.1680896838426 degree,43731.0
181,50.004432842483375,329.0849299661529 degree,43739.0
182,133.397269692065,274.09697136547845 degree,43880.0
183,173.25482339044476,239.56781321210943 degree,43880.0
184,297.48182493336196,165.19671913918475 degree,43950.0
185,246.51216900112138,289.48749986719736 degree,43950.0
186,115.00013984143548,258.23420045631144 degree,46651.0
187,427.2157022691427,227.23526369673408 degree,46651.0
188,248.47672384649061,220.65236820563263 degree,46703.0
189,166.3958472683864,250.00919872352924 degree,46797.0
190,223.56441335748136,218.59511332879612 degree,46804.0
191,172.95025857874109,161.0507069044309 degree,46925.0
192,632.2625869977439,245.99542466245146 degree,46925.0
193,104.21219368343176,260.07618147234825 degree,46977.0
194,261.8374898431849,191.87247465888981 degree,49372.0
195,289.61201066772975,220.60427908942606 degree,49372.0
196,58.05803093784341,300.5604361873474 degree,49372.0
197,71.3259422926953,253.90457982552113 degree,49504.0
198,283.1154973298214,243.55314295828322 degree,49504.0
199,109.34668176794858,258.9053133370297 degree,49799.0
200,180.6035389591282,250.16961620372558 degree,49849.0
201,332.1373838631211,248.5522332699645 degree,49849.0
202,342.53929635226126,219.01041544189803 degree,49910.0
203,60.96867404902615,280.3667538550254 degree,50021.0
204,7.6939870683833105,61.3457805134057 degree,50021.0
205,60.96867404902615,280.3667538550254 degree,50017.0
206,165.07995930407407,252.19946713646382 degree,52483.0
207,174.47216930681628,228.62567417192832 degree,52483.0
208,200.36709059645924,256.79699001621333 degree,52540.0
209,104.3515147934613,237.17491069342458 degree,52540.0
210,75.40089636213052,175.30194216807269 degree,52552.0
211,240.66795943371193,267.1899095676047 degree,52556.0
212,87.20774820632259,238.22525034245663 degree,52556.0
213,57.97857094176342,282.4802964853038 degree,52596.0
214,29.734738342942393,265.3298568508503 degree,52628.0
215,176.02788999452548,249.4887704198914 degree,52782.0
216,146.45930016549613,240.64124131002077 degree,52792.0
217,100.0749017594358,274.725800465468 degree,52878.0
218,32.850113251915836,251.73656803171198 degree,52878.0
219,130.28095320648944,251.54883438643455 degree,52994.0
220,120.36658499254274,230.37880914090664 degree,52994.0
221,115.45436323481404,229.46017159243013 degree,53053.0
222,80.29729921031907,290.9003218393324 degree,53115.0
223,344.9520134049401,249.11743752396825 degree,53115.0
224,390.35219922072275,189.32942190180526 degree,53118.0
225,344.9520134049401,249.11743752396825 degree,53118.0
226,333.5217501543624,246.85219709711606 degree,53124.0
227,77.66932824101495,253.21337117146135 degree,53185.0
228,152.92056761769314,205.08126504690105 degree,53189.0
229,30.92569191427809,265.21581735829477 degree,55693.0
230,325.56863544469184,157.40266250920394 degree,55893.0
231,158.7964950246506,223.01067519275944 degree,55893.0
232,61.617261093000806,285.7212507355796 degree,55893.0
233,49.59247305190863,275.55864620721763 degree,55958.0
234,249.7063452757251,225.27310257181156 degree,55983.0
235,63.065058758402806,320.3885782049701 degree,55983.0
236,99.34334656776858,274.19509341671994 degree,56131.0
237,238.79300892163116,262.73689866535915 degree,56199.0
238,347.6756052051365,257.56594936365485 degree,56199.0
239,143.5426189238886,248.64235921453428 degree,56244.0
240,177.20838441799904,210.39792483557198 degree,56244.0
241,115.24261831228091,249.8060933892077 degree,58768.0
242,533.248421817668,236.90890733215255 degree,58768.0
243,115.24261831228091,249.8060933892077 degree,58764.0
244,322.7825678320715,218.78685555415282 degree,58932.0
245,297.44940244533996,230.3629049161196 degree,58932.0
246,209.8354507418984,255.37513423245255 degree,58972.0
247,95.68492763750787,239.67633183157727 degree,58972.0
248,184.58742711481523,230.02797549470435 degree,58994.0
249,211.337616067083,233.17652366119407 degree,59113.0
250,111.30598295655247,220.02590744364954 degree,59113.0
251,211.337616067083,233.17652366119407 degree,59119.0
252,456.2335723679825,184.78572762381924 degree,59206.0
253,285.8118876276367,235.99269523036577 degree,59206.0
254,192.20022122449447,243.80599067238612 degree,62011.0
255,273.080819206999,241.22861429503064 degree,62011.0
256,113.34902174857626,281.44744695553385 degree,62106.0
257,276.26890794858286,228.39140448152884 degree,62158.0
258,192.53681904337665,194.08310337861639 degree,62170.0
259,166.4211869626097,223.5292065315276 degree,62278.0
260,135.24596514912142,218.72044613464624 degree,62278.0
261,89.95077550209798,245.1305558958807 degree,62278.0
262,166.4211869626097,223.5292065315276 degree,62291.0
263,50.60074648708165,59.04778121366489 degree,62291.0
264,143.87079655933374,206.5383741303134 degree,62363.0
265,301.40677339615814,245.94406780964053 degree,62359.0
266,338.3305762815604,235.30489044352925 degree,62359.0
267,268.76270398845685,235.47548530664432 degree,65278.0
268,113.173141948921,287.00374783521636 degree,65417.0
269,159.51042179633063,234.91979718623242 degree,65417.0
270,295.9489461817216,225.05809009798747 degree,68106.0
271,76.7452544186761,199.06493993394054 degree,68106.0
272,91.01337381705027,183.261559307136 degree,68445.0
273,120.30448158383031,253.6081907914801 degree,68601.0
274,205.50230175590113,236.18250582966772 degree,68607.0
275,274.3893766991524,220.56485886657762 degree,68607.0
276,112.7115282487272,274.3507988659444 degree,71298.0
277,268.9946581511687,250.45272808690706 degree,71513.0
278,350.45231401440964,250.16125885190462 degree,71513.0
279,165.77310223103947,282.52674998205686 degree,71810.0
280,228.19835362516108,248.85217961334038 degree,71810.0
281,67.23944092502231,252.04844784095343 degree,71810.0
282,165.77310223103947,282.52674998205686 degree,71833.0
283,68.29282739766354,275.68695352905314 degree,71858.0
284,78.963975662861,237.85876133490726 degree,71866.0
285,184.8434200078729,232.68901250055916 degree,71869.0
286,113.22477352201125,282.9335746095368 degree,71869.0
287,83.3127946863068,273.9076105888588 degree,71934.0
288,124.93478966635018,205.94541462501408 degree,74526.0
289,53.93083102496763,218.6001143820942 degree,74773.0
290,121.84979735058369,234.8651369838191 degree,74826.0
291,207.93309968280838,264.3973711190979 degree,74839.0
292,218.17363790355157,239.77849013263094 degree,74839.0
293,193.72329688646957,242.3102584030678 degree,74952.0
294,199.9503942446658,237.57359614473398 degree,74952.0
295,312.9184730813839,169.8928850393742 degree,74983.0
296,462.71896143209005,182.27171665917083 degree,74922.0
297,222.89555969221652,241.0840516681377 degree,74922.0
298,214.69104377009802,228.92932136628806 degree,75071.0
299,252.12204915662008,253.38600351043374 degree,75071.0
300,221.6749287927802,283.8004374197899 degree,77594.0
301,157.67156228796037,245.13145058351822 degree,77594.0
302,163.5902618480695,275.0448213125828 degree,77747.0
303,181.0689110724638,246.15423856968087 degree,77747.0
304,160.22443537173444,296.3284072983173 degree,77846.0
305,236.25245330918406,249.0728534331956 degree,77846.0
306,240.77076562651416,149.78837437067662 degree,77935.0
307,552.0714600516551,245.31464047875787 degree,77935.0
308,54.81490658326217,227.17986528585226 degree,77979.0
309,186.5267161074683,228.90347296220207 degree,78063.0
310,225.07833951000865,213.73310718483071 degree,78083.0
311,146.36192511742016,169.3942902079985 degree,78083.0
312,76.98721066410573,241.5270891795509 degree,78210.0
313,86.98729828665827,230.13981329078374 degree,80815.0
314,128.94099757920554,222.84034283668007 degree,80815.0
315,135.13787712185268,244.2443896492986 degree,80836.0
316,160.76934027872008,240.9311510093509 degree,80848.0
317,239.17006661259606,236.12226570993036 degree,80848.0
318,64.01884146934792,304.0724945069439 degree,80917.0
319,237.762969189734,233.0594666084229 degree,80946.0
320,222.65221964064688,186.42565384874942 degree,80988.0
321,88.92703321482128,231.62916369217947 degree,80988.0
322,118.75375529291587,250.91432821324767 degree,81096.0
323,160.86108739712634,224.35996637897819 degree,81096.0
324,110.44810656934068,234.22857458246992 degree,81113.0
325,139.1602171320284,270.15684644913335 degree,81164.0
326,126.49758568688951,239.9570695324421 degree,81195.0
327,232.85784450436498,239.2138785256052 degree,81195.0
328,88.34468303766558,300.25518920375987 degree,81195.0
329,126.49758568688951,239.9570695324421 degree,81219.0
330,258.2032585035424,176.29796985537553 degree,81366.0
331,247.4235900514373,171.61997732657312 degree,81357.0
332,365.1043890128482,182.16484653274716 degree,81376.0
333,223.3194970026508,285.88144667179 degree,81409.0
334,91.75336083631667,221.5015357242476 degree,81409.0
335,403.87776931771805,266.6578558900341 degree,81409.0
336,120.89006824750196,231.9003249186629 degree,81454.0
337,372.2118090106685,255.84319275064288 degree,81454.0
338,99.80452901289014,318.5340643950628 degree,81542.0
339,115.21209759655514,258.98461447250423 degree,81545.0
340,94.65435526068754,217.9464137854684 degree,81563.0
341,101.55909993345712,244.83544882554824 degree,84325.0
342,372.36667966545076,242.6486522108487 degree,84473.0
343,224.25004416565736,222.36634769864844 degree,84473.0
344,275.17308426575323,245.1483155644609 degree,84561.0
345,344.51014637103526,253.08848862169054 degree,84561.0
346,127.97240633907323,259.62676008764225 degree,84610.0
347,173.29762234323562,201.56218111549413 degree,84619.0
348,290.530572648107,273.7568455518067 degree,84756.0
349,336.0836155127509,226.91261712380984 degree,84756.0
350,195.2939520803075,262.18554568214734 degree,84775.0
351,212.37921187572897,249.64500604182996 degree,84783.0
352,98.70260946127274,260.3229713535154 degree,84800.0
353,330.01218134016807,238.69580215288127 degree,84815.0
354,129.4624291162753,285.90580382647863 degree,84815.0
355,405.4422145813381,193.3127070546972 degree,87455.0
356,81.10498428177412,189.5583650874404 degree,87455.0
357,69.5062418479202,308.18162535082394 degree,87528.0
358,66.43074572311536,262.7814977929165 degree,87535.0
359,97.14133451860565,223.1639535116387 degree,87627.0
360,104.42365384569358,206.70228478294314 degree,87633.0
361,227.85009365965942,269.212233622413 degree,87790.0
362,95.38296735178622,251.9464271488936 degree,87841.0
363,131.97364619655144,239.9487362712775 degree,87845.0
364,251.6910148026759,151.94466628677276 degree,87984.0
365,108.22162987415767,239.6489673920926 degree,87984.0
366,252.93455218059776,254.90333886553165 degree,88074.0
367,122.9714101093897,278.8115761792869 degree,88130.0
368,311.73820260467426,263.7756523233518 degree,88130.0
369,352.775117664453,179.69575703932094 degree,88138.0
370,159.92683313830298,289.54626687281274 degree,88138.0
371,167.5643188340975,240.45012738724708 degree,90828.0
372,187.8058357251472,249.95132318098814 degree,90934.0
373,320.0284004160274,199.47973617791635 degree,90945.0
374,194.96555329297536,264.16309214885865 degree,90928.0
375,38.76549761736043,234.29247232061405 degree,90928.0
376,340.5199070775692,227.46843668758763 degree,91004.0
377,84.46146765516929,241.59061004324334 degree,91155.0
378,198.9518802611661,230.7879090153768 degree,91293.0
379,378.04006688739906,235.42163116128071 degree,91293.0
380,150.34055508085305,212.25333491972458 degree,91313.0
381,62.84661525359606,225.83421868635193 degree,93882.0
382,412.49687075399964,207.06843554152485 degree,93889.0
383,115.54455459804454,200.56254899259295 degree,93974.0
384,211.36028883958434,199.46958882617952 degree,93981.0
385,110.47714179926699,166.90904102882973 degree,93990.0
386,182.79392410434872,193.42818553469994 degree,94000.0
387,454.88865440712857,205.95321625108463 degree,94008.0
388,110.00237650808913,274.4117355975069 degree,94008.0
389,329.0096748173088,240.97033379510503 degree,94101.0
390,266.6636598524156,234.56390570972036 degree,94101.0
391,82.47450158152344,229.61176817629968 degree,94213.0
392,322.0221588100169,204.46225033838397 degree,94215.0
393,109.68265122374005,229.46288227911955 degree,94265.0
394,281.8112254926001,231.41068550459298 degree,94280.0
395,283.7440161896699,176.34699344677443 degree,94294.0
396,97.20232015323128,265.31332523947174 degree,94294.0
397,220.12772206981845,249.3332681998234 degree,94413.0
398,235.89619664901318,239.94826700838124 degree,94413.0
399,220.12772206981845,249.3332681998234 degree,94441.0
400,304.50687476590656,237.84704704328826 degree,97256.0
401,212.17164491099746,229.0275487088917 degree,97256.0
402,58.472015038296156,279.9021736318647 degree,97256.0
403,80.3143415571269,217.86532266459605 degree,97330.0
404,112.94210993595524,225.012516857893 degree,97501.0
405,98.25896235330916,229.21690295648693 degree,97670.0
406,453.79258642736465,175.6797282262202 degree,97756.0
407,453.79258642736465,175.6797282262202 degree,97756.0
408,370.03625270999885,260.5767017011086 degree,97756.0
409,370.03625270999885,260.5767017011086 degree,97756.0
410,148.67616459941829,255.81649099584752 degree,97903.0
411,94.54108582399428,263.5105718396352 degree,97901.0
412,93.58424250493485,216.94418448560515 degree,97909.0
413,28.388319839982962,9.264364112987394 degree,97909.0
414,121.33911402592469,255.0749061944707 degree,100960.0
415,96.72984369063754,255.48032412143377 degree,100960.0
416,100.376930155122,273.8317796255212 degree,100994.0
417,317.8823320355069,236.84058337998508 degree,101040.0
418,264.0931069258425,210.01986063382657 degree,101040.0
419,33.55561048181658,85.22938810155365 degree,101040.0
420,407.78843939022397,180.31144033223674 degree,101129.0
421,407.78843939022397,180.31144033223674 degree,101129.0
422,55.097330411965146,284.92287308301223 degree,101129.0
423,55.097330411965146,284.92287308301223 degree,101129.0
424,91.55420941054264,271.74860633169783 degree,101156.0
425,313.4618032281051,174.1561511210281 degree,101168.0
426,313.4618032281051,174.1561511210281 degree,101168.0
427,313.4618032281051,174.1561511210281 degree,101168.0
428,313.4618032281051,174.1561511210281 degree,101168.0
429,313.4618032281051,174.1561511210281 degree,101168.0
430,100.40221043861206,190.78379695542054 degree,101168.0
431,100.40221043861206,190.78379695542054 degree,101168.0
432,100.40221043861206,190.78379695542054 degree,101168.0
433,100.40221043861206,190.78379695542054 degree,101168.0
434,100.40221043861206,190.78379695542054 degree,101168.0
435,303.97588473476026,237.41133176825946 degree,101168.0
436,303.97588473476026,237.41133176825946 degree,101168.0
437,303.97588473476026,237.41133176825946 degree,101168.0
438,303.97588473476026,237.41133176825946 degree,101168.0
439,303.97588473476026,237.41133176825946 degree,101168.0
440,232.67246433787275,245.64355151689077 degree,104250.0
441,199.24437046290504,243.70553708420178 degree,104250.0
442,48.31712599435282,236.91136762030507 degree,104331.0
443,219.7035478891287,251.00460944862294 degree,104380.0
444,170.00197662562974,219.71109170998656 degree,104380.0
445,151.9591500207432,271.85876300127507 degree,104491.0
446,249.21818373942926,247.03171370104442 degree,104555.0
447,232.91897070838516,224.47097666081643 degree,104555.0
448,136.43912085391412,248.64464212997228 degree,104625.0
449,108.31368704603014,261.43152347599187 degree,107262.0
450,185.3371940079566,163.18709374089457 degree,107275.0
451,138.9962028259314,294.2339950264054 degree,107275.0
452,194.01318883342213,238.5201760099405 degree,107297.0
453,64.06734656534681,240.309754062597 degree,107297.0
454,138.28099460943582,250.34817811140522 degree,107356.0
455,137.55795981628157,213.98362115676497 degree,107356.0
456,296.2367326442767,246.3860561704872 degree,107462.0
457,141.4137136467932,225.23904239580813 degree,107462.0
458,49.27952034999514,301.6783255051975 degree,107554.0
459,82.39922506173707,237.45234035160126 degree,107554.0
460,140.07520271804142,265.45039374577055 degree,107649.0
461,316.4003017646949,223.17997843183431 degree,107649.0
462,203.64792536430608,195.44277444593286 degree,107824.0
463,85.35915853067141,265.6349180614402 degree,110587.0
464,259.94846432887124,241.11363999853984 degree,110587.0
465,149.7648599023045,267.2168320856691 degree,110810.0
466,41.119816956984266,261.7369906601064 degree,110850.0
467,101.94593993386563,248.80938425783026 degree,110855.0
468,69.33218590578527,131.71786943645745 degree,110907.0
469,103.78118437190238,101.15974191801199 degree,110907.0
470,143.9399494659663,187.5339077250065 degree,111031.0
471,144.27517768989892,176.7815691354752 degree,111079.0
472,65.66111979225875,207.12836038578274 degree,111079.0
473,285.6006688996682,183.94272209393148 degree,111095.0
474,76.76110360300115,260.9672334352762 degree,113943.0
475,80.79475587223615,272.2568338275801 degree,114129.0
476,83.58320039020617,191.9200614162383 degree,114349.0
477,234.04864164450186,184.91459498199933 degree,114602.0
478,404.22153681364824,242.78379673626924 degree,114602.0
479,245.91179287230713,246.96356688285277 degree,114602.0
480,245.0024409639672,220.23760859065467 degree,2864.0
481,101.48633012937509,220.64708217259766 degree,3197.0
482,186.14644165551059,239.90861602748305 degree,3264.0
483,154.43923623449035,237.89412927235952 degree,6121.0
484,360.41196493797344,263.88180864451675 degree,6121.0
485,236.12982364619094,234.17495584400774 degree,6125.0
486,34.518308466091284,257.7842759689796 degree,6156.0
487,130.01306594719298,206.09114619071144 degree,6291.0
488,24.90040639886094,102.31944229502834 degree,6467.0
489,148.0597341851965,227.55953626518513 degree,6529.0
490,148.0597341851965,227.55953626518513 degree,6530.0
491,351.3660598604923,252.1681599221452 degree,6576.0
492,219.66484621876774,247.89771313314608 degree,6607.0
493,138.57098158082246,239.58729396314925 degree,9656.0
494,108.54371713648533,264.747388576194 degree,12431.0
495,191.28992801658646,263.8995738826087 degree,12467.0
496,87.99271630469477,224.83448410684292 degree,12486.0
497,80.32372291018848,244.0953773327224 degree,12494.0
498,54.85211422741546,218.05176563187618 degree,12843.0
499,186.1136687602412,224.72221715821794 degree,12929.0
500,222.569500507274,225.82065106887825 degree,18520.0
501,182.8469458935409,241.50242549937056 degree,18542.0
502,71.61188400731629,245.25902261103548 degree,18555.0
503,186.51301776001324,225.77511876988248 degree,18741.0
504,328.9467091379125,249.56496366075294 degree,18741.0
505,73.34640266850761,246.4124382175283 degree,18980.0
506,200.51003491385302,232.16702966545134 degree,18991.0
507,89.45244690464007,236.65564863855852 degree,19153.0
508,159.2985529760503,236.5838063492162 degree,19170.0
509,261.00202640356696,233.1504150644135 degree,21628.0
510,37.569212755652174,229.47458004587696 degree,21659.0
511,164.04542945822683,245.94082075475623 degree,24818.0
512,252.4500648323979,238.82977107073324 degree,24828.0
513,78.59044417786458,257.7001654763262 degree,25096.0
514,531.995710967939,205.34527172089162 degree,25096.0
515,229.42299064713086,229.92138759974173 degree,27812.0
516,178.2823934633914,237.77302696574708 degree,28129.0
517,19.73384817765781,90.60082719622604 degree,28294.0
518,18.3205625744024,96.10324199598568 degree,28300.0
519,327.0195252228753,240.44302435355357 degree,30837.0
520,143.49949696275064,236.42615529379077 degree,30837.0
521,160.16655742740832,217.8256657086252 degree,30963.0
522,62.36318357744618,228.7046987732558 degree,31318.0
523,141.36449165680833,252.43039928154656 degree,31371.0
524,450.5405821772898,227.88924184252085 degree,31371.0
525,107.40360573925742,237.66570297190214 degree,34180.0
526,67.74742181538493,235.14437324363897 degree,34189.0
527,189.14697858563318,223.7231483028289 degree,34186.0
528,128.94081960190027,243.95361202197859 degree,34229.0
529,139.57110969922465,236.8824228034456 degree,34444.0
530,109.2235521163213,257.25032539021265 degree,37417.0
531,88.85977292184465,228.56267546595768 degree,37455.0
532,49.93723937195997,81.77639377843525 degree,37742.0
533,275.5284752698404,245.11479201108546 degree,37742.0
534,29.897767253111574,200.72904661574293 degree,37759.0
535,29.897767253111574,200.72904661574293 degree,37758.0
536,199.9244476444008,234.3284094536408 degree,40172.0
537,183.60891562278363,222.38405277598645 degree,40212.0
538,260.15840578483886,245.84295361155063 degree,40223.0
539,291.223548473385,246.82442954110863 degree,40246.0
540,166.7892009028406,232.50002815038243 degree,40556.0
541,132.5777840663114,229.55115672746973 degree,40657.0
542,68.35566258203025,231.82246890711625 degree,40681.0
543,141.7987852302429,238.48285024812762 degree,40881.0
544,82.22242284442073,235.84888089925118 degree,43448.0
545,303.4420778604904,227.69050454281833 degree,43450.0
546,130.9753557762035,233.29901563467718 degree,43514.0
547,59.96307589008017,248.99159585317236 degree,43557.0
548,110.33969269441758,265.4365747141385 degree,43569.0
549,185.54786231510985,289.7390890300011 degree,43569.0
550,194.5986259434645,248.37665005016305 degree,43575.0
551,445.0876973676627,236.4393218483932 degree,43575.0
552,139.1184651375437,203.78678409678025 degree,43595.0
553,35.20973417628233,238.06806438866238 degree,43611.0
554,149.39166798344775,244.24483880868902 degree,43775.0
555,138.72475155779756,235.04452252653178 degree,43785.0
556,379.0130656833414,219.45721333444382 degree,43781.0
557,196.70244211650567,241.5673686557593 degree,46522.0
558,86.87909307268136,228.22076127340986 degree,46697.0
559,80.0340130988494,250.30116294263266 degree,46762.0
560,252.72768093781474,241.4159779447129 degree,46785.0
561,337.2216866520394,243.82305849264904 degree,49338.0
562,120.40270118826545,241.7392728535553 degree,49487.0
563,209.889430792789,260.1566759370934 degree,49722.0
564,398.46781701175587,240.32479375933428 degree,49722.0
565,209.889430792789,260.1566759370934 degree,49691.0
566,398.46781701175587,240.32479375933428 degree,49691.0
567,86.1662670510353,233.85575687913624 degree,52526.0
568,175.83180745690657,232.5758539584379 degree,52722.0
569,23.01690001422277,237.40824514488548 degree,52870.0
570,192.39286885150713,233.28593035298726 degree,52957.0
571,272.4221383157045,251.96050998465316 degree,53023.0
572,170.15107833171123,246.3019498960989 degree,53023.0
573,93.06277018574352,238.11052477328795 degree,53174.0
574,9.532380041840732,248.269880405143 degree,55962.0
575,181.88815412495612,215.03268078626002 degree,58918.0
576,26.125404138584166,247.8394846445731 degree,58990.0
577,266.88393321707036,273.82264533260206 degree,58990.0
578,149.59020850812053,242.99418633120882 degree,59079.0
579,284.30440042616857,260.6516735770866 degree,59079.0
580,341.3010246960769,244.07270468081506 degree,59099.0
581,168.63678753033992,230.4708499562825 degree,59341.0
582,186.6655977017208,248.00635231521224 degree,61970.0
583,132.70662557877966,214.7846857199243 degree,62469.0
584,72.55948048547654,251.49858746340863 degree,65040.0
585,162.3703109062466,267.6334699970404 degree,65223.0
586,154.14365255592986,221.78554204848498 degree,65252.0
587,178.77269520930363,227.76933555560467 degree,65315.0
588,82.93079513403855,236.72626102344495 degree,65344.0
589,14.686478225300851,227.8093409131793 degree,65356.0
590,194.77255601826167,231.1949496966266 degree,65356.0
591,53.767823681785025,229.3699376205134 degree,65547.0
592,108.70772637812318,252.5188188026212 degree,65671.0
593,258.82876729916177,244.81288885748924 degree,68002.0
594,75.91536232674368,268.5761551824885 degree,68056.0
595,71.79789948450063,245.34478223344092 degree,68407.0
596,156.09406894951528,245.21992233647615 degree,71164.0
597,262.8369240273852,248.7053199145038 degree,71183.0
598,102.21153196753217,259.81098535498836 degree,71212.0
599,155.1728524325894,244.25827445841722 degree,71266.0
600,237.46493668475526,229.59771179400377 degree,71306.0
601,84.28405419393829,108.47427680256642 degree,71306.0
602,230.17450004575653,216.3691935467675 degree,71473.0
603,52.370245080063135,220.73813109914363 degree,71706.0
604,48.65420138028908,228.96241429156018 degree,71807.0
605,98.2573774569935,220.39398828291905 degree,71907.0
606,141.4019173159738,220.14239724123644 degree,71913.0
607,121.29953268323686,232.64198427160372 degree,71921.0
608,318.3832048183268,229.4860118248254 degree,74447.0
609,84.93404943251198,235.3905114718139 degree,74515.0
610,145.49132071995956,240.46918649961376 degree,74752.0
611,218.17363790355157,239.77849013263094 degree,74832.0
612,185.0011583822436,207.95748140443519 degree,74873.0
613,297.148518483394,235.41785326110593 degree,74873.0
614,116.86415952908264,240.25697731749574 degree,74963.0
615,104.16885308967191,222.45968170496036 degree,75014.0
616,304.76874241655355,254.84514459972485 degree,75023.0
617,150.5554952481662,249.95105065098426 degree,75047.0
618,40.620617098893206,257.10366339793404 degree,77571.0
619,80.35321375534569,239.02900984728407 degree,77581.0
620,114.63372188474305,244.68522600521126 degree,77590.0
621,181.0689110724638,246.15423856968087 degree,77720.0
622,297.2956403529869,254.8125298769854 degree,77809.0
623,236.25245330918406,249.0728534331956 degree,77854.0
624,25.029876030940223,261.4702471232609 degree,78037.0
625,310.6398051951845,235.20742904058085 degree,78124.0
626,145.37124155298773,203.9346825868762 degree,80843.0
627,129.0561111881017,234.6895134506242 degree,81038.0
628,163.63123935670433,226.30057631298348 degree,81055.0
629,9.838537900164509,284.5561007950921 degree,81168.0
630,165.3031997997224,225.81803069784763 degree,84291.0
631,508.4952869349942,232.52910309793475 degree,84291.0
632,231.08231199018303,239.45703542284465 degree,84295.0
633,453.53972322999687,249.10687705625938 degree,84675.0
634,104.67652720731552,232.98479317630384 degree,84706.0
635,137.9433700986645,223.38431581195985 degree,84721.0
636,50.67798763345475,263.7308325500241 degree,84731.0
637,107.0612428018302,224.19167126322776 degree,84746.0
638,220.04123066755287,244.8831150594027 degree,84752.0
639,208.17167465385864,251.97537105823503 degree,84760.0
640,19.746735769781697,70.35509151830192 degree,87523.0
641,85.91555486832584,229.5255690159782 degree,87558.0
642,147.01662235966478,229.80286937210215 degree,87648.0
643,30.200418306257458,89.53684711256629 degree,87757.0
644,205.85683342724536,229.88160052323374 degree,87901.0
645,147.29715278447844,227.9571018218465 degree,87917.0
646,142.6334307777015,230.2714366854402 degree,87934.0
647,231.57087287636296,240.97600101341592 degree,90804.0
648,145.39594748514517,229.8169666517232 degree,90924.0
649,87.9918140500121,237.05742639817885 degree,90929.0
650,69.21731637719151,218.42040580455702 degree,91041.0
651,642.8552073242741,230.28361069267615 degree,91041.0
652,69.21731637719151,218.42040580455702 degree,91098.0
653,172.25810471364247,220.25909725273743 degree,91270.0
654,268.07382013004144,248.85831950893282 degree,91352.0
655,194.2035198457816,240.91756208923246 degree,91352.0
656,137.12944017184498,259.5988165945797 degree,94036.0
657,181.7327489393738,86.21252976214105 degree,94036.0
658,57.107725858187656,237.9924072524932 degree,94515.0
659,214.10022891602668,234.0659195382852 degree,94518.0
660,45.34692618348342,239.80041333562122 degree,94549.0
661,42.22150824324869,248.4466768972631 degree,94552.0
662,53.7899432167627,249.0073191941679 degree,94539.0
663,53.7899432167627,249.0073191941679 degree,94555.0
664,113.1700057260792,248.51533006480156 degree,94564.0
665,136.41878089310674,245.63167000530296 degree,97303.0
666,201.17026255845303,230.60855870361405 degree,97942.0
667,245.79098520683348,241.43767415010672 degree,97943.0
668,143.57574029986716,251.6425405754306 degree,97946.0
669,162.51271581272883,237.3024000636742 degree,97918.0
670,271.68930462393905,251.15895298532857 degree,97955.0
671,17.322956869476027,248.454858244935 degree,100897.0
672,63.14946399301996,224.87428913417975 degree,100903.0
673,85.2623236373056,233.41325756188263 degree,100941.0
674,99.03061727244607,248.0864887247323 degree,100954.0
675,235.27864765028926,259.31118199959496 degree,101242.0
676,128.6188479137638,227.4608406058603 degree,101294.0
677,57.452319054280466,233.17992182400877 degree,101312.0
678,70.70533163028209,229.724917510958 degree,107212.0
679,211.99647762155737,239.99794484838787 degree,107327.0
680,68.70204512997476,244.00908684847968 degree,107327.0
681,173.55706575183606,244.86458148427923 degree,107352.0
682,119.34884995574619,234.97710097729538 degree,107445.0
683,47.32386877965136,229.68715031535552 degree,107467.0
684,165.3170139079629,194.8474147455736 degree,107603.0
685,94.20041413836586,233.17259009451476 degree,107774.0
686,531.3458011811598,236.87002786179318 degree,107774.0
687,184.8742539455286,222.0794345106358 degree,110502.0
688,148.9197397606296,226.45909988755494 degree,110513.0
689,28.040369813221712,280.55495761020734 degree,111174.0
690,568.7500321892654,239.24941230513198 degree,111174.0
691,195.1533820856281,244.83290814172645 degree,114223.0
692,195.1533820856281,244.83290814172645 degree,114224.0
693,267.5565101520677,228.82364758788395 degree,114271.0
694,77.2373367405873,235.4892351392607 degree,114330.0
695,237.67270299921861,236.36521096747242 degree,114494.0
696,185.60870878641808,218.61731657032806 degree,114558.0
697,170.7512735255976,237.3844542283303 degree,114578.0
698,58.07444186878497,219.51962486728192 degree,114596.0
699,49.13509911179938,242.63507819784184 degree,3347.0
700,229.10559374156603,260.5203667384267 degree,3356.0
701,303.1056684276081,255.68650502377142 degree,3366.0
702,299.92955741520404,256.98649518525315 degree,3376.0
703,48.54395102779839,80.59672975997165 degree,6206.0
704,214.93275951904027,240.59008056422374 degree,6214.0
705,184.22261083693465,273.7895660137829 degree,6227.0
706,160.07569462332802,252.55227800578598 degree,6219.0
707,234.1627909714055,221.06495434054315 degree,6333.0
708,52.79075671527429,258.64093568360585 degree,6368.0
709,191.1285220236121,230.90928883407517 degree,6455.0
710,46.976739764646354,307.909408716086 degree,6554.0
711,70.48451078370387,249.56957913766215 degree,6612.0
712,373.9015833034484,249.58517570822306 degree,9198.0
713,359.4723200041036,215.5605068593368 degree,9218.0
714,913.6138814030838,182.84924880597094 degree,9226.0
715,123.73973675438772,226.30436790780928 degree,9289.0
716,88.36211108691428,236.32339525598658 degree,9296.0
717,110.88867700421008,290.16182848709286 degree,9412.0
718,55.24820500082435,93.23768497334389 degree,9585.0
719,36.33704722094362,295.38703732601164 degree,9587.0
720,37.60133218463354,220.05623968698234 degree,9594.0
721,154.05417342419312,252.53562506735238 degree,12514.0
722,195.17689026179616,243.9617937597626 degree,12531.0
723,137.75415484143022,288.109589271447 degree,12554.0
724,262.81670283668973,248.99671484539329 degree,12686.0
725,169.28532240965998,266.5687101089741 degree,12698.0
726,231.3396392166418,252.52487324131368 degree,12759.0
727,328.49689462136257,285.77635079943093 degree,12803.0
728,250.55063757576545,259.37172705364185 degree,12857.0
729,250.55063757576545,259.37172705364185 degree,12858.0
730,224.0799398828654,260.82390834415963 degree,12882.0
731,181.86705709287793,258.798789301341 degree,12867.0
732,193.5180703150732,261.34066904896537 degree,12893.0
733,270.51294028296064,231.82893203136183 degree,12916.0
734,637.2467346843903,252.65501414357226 degree,15626.0
735,412.6497485181973,256.07461617911963 degree,15786.0
736,305.94978025182786,252.8459929325327 degree,15800.0
737,547.9151891054037,239.84982847565522 degree,15805.0
738,505.20594390492147,244.531368834983 degree,15785.0
739,303.7039079644471,248.60365972791587 degree,15849.0
740,249.22615653853518,271.28127232647915 degree,15935.0
741,408.1975870107118,241.28232508103238 degree,15967.0
742,561.8194417413266,242.67539683785114 degree,15926.0
743,561.8194417413266,242.67539683785114 degree,15972.0
744,337.6468149635859,246.52610645979945 degree,15974.0
745,163.8605390143797,264.88594416176124 degree,15986.0
746,413.88502571698746,256.51662133246344 degree,16018.0
747,165.9029420140485,268.5969065393075 degree,16053.0
748,314.8789883752626,267.8052311200314 degree,16065.0
749,350.16417096694164,239.5670666459662 degree,18588.0
750,274.45209955839687,254.36031294192512 degree,18707.0
751,99.49274877056526,271.81841661911227 degree,18746.0
752,244.43000879496716,249.00980830769626 degree,18747.0
753,440.36902902370946,243.5194717606927 degree,18750.0
754,98.02771418133817,264.2093746628228 degree,18833.0
755,105.79416421314447,251.6761550195955 degree,18786.0
756,312.8113134423163,228.73929464111876 degree,19019.0
757,421.74385789574393,250.67819863012272 degree,19093.0
758,40.96297712256395,248.39664102649672 degree,21553.0
759,67.92186701679076,255.56983947800092 degree,21588.0
760,95.90795065914318,276.6388908827697 degree,21591.0
761,268.6762886219306,263.6594485633585 degree,21602.0
762,128.6967420101134,249.99155871794179 degree,21615.0
763,134.4938878317905,266.1111580878564 degree,21685.0
764,465.78517469208856,247.70562050661803 degree,21794.0
765,478.24178065825504,254.16658368688036 degree,21804.0
766,498.22110647912575,245.3288317165663 degree,21819.0
767,491.1721838222081,246.0295474562833 degree,21827.0
768,170.8882388912326,253.88169628655564 degree,21996.0
769,179.5134168820752,258.930828683881 degree,22039.0
770,83.11105030802852,254.04649491870097 degree,22062.0
771,85.28791550066272,214.71918669478816 degree,22089.0
772,112.6855089088426,280.46787469596853 degree,24683.0
773,169.8378731105486,258.29553044417565 degree,24691.0
774,216.91843573113695,279.5920398501264 degree,24716.0
775,156.0567928743492,261.68949605484875 degree,24733.0
776,372.77345367909953,241.23633197567247 degree,24811.0
777,348.4853956654311,237.14511020514252 degree,24795.0
778,81.80430226219534,279.6333621320367 degree,24967.0
779,113.9856117575061,227.43604474846146 degree,25034.0
780,110.74921577135733,281.54250186133936 degree,25246.0
781,120.24844410347204,89.66743990904493 degree,27698.0
782,202.7525962907854,270.92839383856284 degree,27731.0
783,335.5022227103177,235.82981201670498 degree,27750.0
784,330.25505964383655,213.69019765597358 degree,27685.0
785,246.13521838171462,266.70119647945626 degree,27973.0
786,174.72417287584065,226.1968376567422 degree,27977.0
787,50.68087769872169,276.5748357354221 degree,28103.0
788,285.694601764983,256.9182653249959 degree,28227.0
789,204.73987249943366,257.89937434691353 degree,28334.0
790,519.1608859359627,265.33998012814936 degree,28349.0
791,77.57117719712144,245.07597226353076 degree,30935.0
792,58.64161453578465,241.88110713509215 degree,30959.0
793,202.28479550193006,255.24993178103833 degree,31059.0
794,308.7114577497421,252.2096971935408 degree,31076.0
795,155.35908909157058,259.62941474741 degree,34090.0
796,166.8049431456502,265.80269407480205 degree,34096.0
797,339.27596340529806,251.3026264714732 degree,34103.0
798,114.09491358465917,268.907722582907 degree,34533.0
799,82.76904726896927,105.99593553889783 degree,34566.0
800,277.7092554148466,255.65276902246052 degree,34574.0
801,316.545830067445,248.40924446927477 degree,37278.0
802,625.8720018053006,231.18227302613005 degree,37284.0
803,226.45687584585383,290.60012861848907 degree,37350.0
804,250.56686515388506,275.98148735470323 degree,37354.0
805,170.3504481729874,272.09422804878807 degree,37672.0
806,217.06379746728632,253.93045513033928 degree,37740.0
807,128.35516056946665,220.69653765344768 degree,40353.0
808,270.95359936072015,255.04378100561192 degree,40382.0
809,461.09700515653645,234.89723260570312 degree,40386.0
810,109.78086583684734,226.1857488233991 degree,43752.0
811,517.9964991840346,235.345945823676 degree,43913.0
812,396.6498338145732,242.55654188245205 degree,43919.0
813,363.8039267990822,257.79000305720854 degree,43928.0
814,470.298719615416,227.1837576777654 degree,43920.0
815,309.9762512030634,215.45531386289016 degree,43935.0
816,470.298719615416,227.1837576777654 degree,43938.0
817,122.74600932045352,219.0044345546146 degree,46311.0
818,119.3545946012319,174.8883804902364 degree,46309.0
819,154.22781328954278,261.2868212081553 degree,46344.0
820,108.4265907759603,218.02839301994496 degree,46445.0
821,238.33223903386332,262.4528374396134 degree,46611.0
822,622.3038990446651,235.21619561616149 degree,46635.0
823,99.26829570665855,249.0262975338841 degree,46750.0
824,387.15582207965866,257.51704928892565 degree,46757.0
825,492.1650976607784,240.06606304980966 degree,46835.0
826,492.1650976607784,240.06606304980966 degree,46852.0
827,489.0930705132711,237.97741871015324 degree,49639.0
828,233.7961552865949,274.2551949960909 degree,49664.0
829,339.2062629557168,248.03761562723935 degree,49677.0
830,339.2062629557168,248.03761562723935 degree,49650.0
831,332.6111388424721,238.5162588680223 degree,49681.0
832,332.3271568909318,236.52812087612557 degree,49685.0
833,196.14416457083206,253.84031513702618 degree,49749.0
834,172.6509427270995,266.99712518371405 degree,49945.0
835,532.792697952673,246.26712506112858 degree,49957.0
836,163.21729893001165,289.0140659926085 degree,52799.0
837,319.2617308870073,256.21821556745067 degree,52816.0
838,128.7398255911232,187.71748042364038 degree,53027.0
839,141.6900637848679,170.65721739864983 degree,53039.0
840,88.87951609755802,269.12451521933474 degree,53066.0
841,35.05616644878242,206.2398134739383 degree,55712.0
842,83.06053776924455,278.5160221970549 degree,55680.0
843,352.48574348295017,246.3923890370753 degree,58716.0
844,267.43087335111835,234.86062317185244 degree,58718.0
845,228.77895359901257,242.25435815185156 degree,58739.0
846,228.77895359901257,242.25435815185156 degree,58740.0
847,461.7173497529131,232.1090161141244 degree,58805.0
848,437.0745453844995,248.90679596556717 degree,58816.0
849,246.82203564398495,260.0076713315397 degree,58894.0
850,196.13846096209372,274.7908267425913 degree,59023.0
851,577.6608133445918,248.19131625733507 degree,59037.0
852,369.57897703248426,258.045863898624 degree,59047.0
853,303.3135912301465,247.33602727825863 degree,59254.0
854,387.2261746541535,234.83810289360378 degree,59267.0
855,307.8589396747338,256.1622619981307 degree,59270.0
856,213.67207147273436,260.0156720489119 degree,59271.0
857,427.1981353910275,254.7647798855594 degree,59296.0
858,470.04298485200917,260.6214700795613 degree,59334.0
859,225.72762295866045,226.37241593607934 degree,62082.0
860,243.3772575991825,236.12817434863584 degree,62091.0
861,149.0131563362417,257.06648462322323 degree,62247.0
862,40.16401829096242,249.78621423230825 degree,62369.0
863,120.20663083417692,256.21950639221643 degree,62439.0
864,182.68330880380478,259.33446235172795 degree,62452.0
865,235.5934264605971,243.8637605057856 degree,65029.0
866,117.08571322893393,279.9234968396787 degree,65284.0
867,216.58844951249534,280.69499190455133 degree,65316.0
868,297.3569135013103,255.9695999273442 degree,65589.0
869,457.4320241884412,248.03634370087752 degree,65651.0
870,449.597957850488,241.32875140324182 degree,65661.0
871,106.71298221772871,189.44040055323217 degree,68032.0
872,340.94896747428754,265.1359360290877 degree,68221.0
873,131.27054085320086,185.25025711750743 degree,68336.0
874,133.74090168487277,283.61041853954043 degree,68456.0
875,208.1169556604891,277.44160021038766 degree,68471.0
876,108.48279754035754,222.5117365592765 degree,68569.0
877,455.71533868511796,233.2958069325742 degree,68658.0
878,52.19338145207509,254.3512853140464 degree,71435.0
879,94.08613937435747,279.29628473306616 degree,71560.0
880,217.69519864418496,251.9735599876472 degree,71571.0
881,225.63184891507407,262.11550570781174 degree,71578.0
882,196.73969134736393,247.9176728673914 degree,71587.0
883,210.3121248068821,238.1820371317501 degree,71593.0
884,168.1835161573026,249.62855047257045 degree,71607.0
885,237.52406215698554,268.3203954737417 degree,71630.0
886,310.96658516071636,260.74657028691956 degree,71642.0
887,292.4588726942031,242.06561040466858 degree,71648.0
888,353.66530342660286,251.14196097163102 degree,71686.0
889,86.23292382183094,247.40257890660212 degree,71717.0
890,127.3780559214326,288.82989625158336 degree,71760.0
891,278.7349144173689,262.8089549832532 degree,71767.0
892,80.62010040588228,276.83468873439676 degree,71795.0
893,157.25419186686844,255.6488054020781 degree,71801.0
894,199.80952268918682,150.77692532946156 degree,74383.0
895,65.51662018459285,232.3063532525536 degree,74610.0
896,70.82130662633415,248.10364941666356 degree,74829.0
897,507.8724197507258,237.13306988768824 degree,77664.0
898,200.5986819341645,253.17941644628124 degree,77742.0
899,42.489906908267145,313.45936017222084 degree,77894.0
900,354.7335916727982,254.3923062042973 degree,77962.0
901,112.063242509015,273.8185291269991 degree,78012.0
902,215.72137543087806,268.4047698023169 degree,78023.0
903,200.67411928115473,242.8777888960514 degree,78229.0
904,138.9007111649565,276.29201236118206 degree,81002.0
905,131.0489043213951,267.94919017444045 degree,81018.0
906,141.79620498057295,286.8284868118277 degree,81256.0
907,554.8077254906784,248.36027968476176 degree,81269.0
908,499.362926498459,258.17331534014386 degree,81247.0
909,292.5490625681579,250.88309114823136 degree,81321.0
910,371.77306715647825,274.9295858155785 degree,81433.0
911,472.49813494633304,261.50388491465276 degree,81448.0
912,283.23763476945953,267.29521106255834 degree,81481.0
913,282.7728543581817,263.31380343118076 degree,81488.0
914,282.41644785037624,256.2127147280164 degree,81492.0
915,288.4486298312465,274.4469656242649 degree,81499.0
916,372.2118090106685,255.84319275064288 degree,81506.0
917,245.07294823848315,243.14323522543287 degree,84153.0
918,69.24797295905793,192.51931528805883 degree,84568.0
919,251.71764218789104,250.963614097808 degree,84873.0
920,231.67870511256348,256.58189561484664 degree,88014.0
921,566.4895252511357,240.02937540944038 degree,88038.0
922,219.55421463976398,234.0525751750918 degree,90684.0
923,423.96987782038525,244.8178322416327 degree,90762.0
924,393.6046862782584,241.29142580962258 degree,90785.0
925,121.43314100742657,257.2122642959391 degree,90793.0
926,71.23431151634023,274.989773277823 degree,90969.0
927,125.51168398392684,256.63440835213703 degree,91035.0
928,143.50301214292915,256.26770925525676 degree,91040.0
929,281.8173975512453,252.24830781655683 degree,91042.0
930,268.1159773635923,250.5597544952494 degree,91052.0
931,634.9621928786577,254.84506511164705 degree,91213.0
932,76.52583455572172,292.3367864921406 degree,93913.0
933,67.46626679813046,292.13795775674384 degree,94453.0
934,121.23939446995101,263.97925379483024 degree,97349.0
935,121.23939446995101,263.97925379483024 degree,97352.0
936,63.00952035268987,239.39854005823608 degree,97392.0
937,278.2066293634656,264.83931794694524 degree,97571.0
938,174.8725316462768,286.7148640593333 degree,97837.0
939,385.6011186615761,266.2945734055313 degree,97866.0
940,295.7344105403995,254.50464236885827 degree,97882.0
941,295.7344105403995,254.50464236885827 degree,97877.0
942,182.38877329802105,255.34767640917752 degree,97889.0
943,103.14614127700034,270.95355701730557 degree,97895.0
944,158.3406328300403,283.27811524345145 degree,97924.0
945,261.25846084501313,267.62085432608205 degree,97935.0
946,265.16371928843853,247.0489514123345 degree,100604.0
947,386.8301660937771,255.2345201882661 degree,100617.0
948,386.8301660937771,255.2345201882661 degree,100616.0
949,684.6104838603502,245.52842156611277 degree,100619.0
950,178.7793430399997,262.0219116593511 degree,100806.0
951,315.29715314643914,257.4049265377366 degree,100821.0
952,63.034974676310384,279.6486939917138 degree,100942.0
953,402.9230919142434,241.0453049367124 degree,101216.0
954,166.53336045224123,236.29968528199163 degree,101281.0
955,423.11529641420793,244.6270179626534 degree,104136.0
956,555.8977269399736,247.25925435915698 degree,104169.0
957,200.4518661075931,264.1657543645215 degree,104218.0
958,190.8174621131437,232.07447073410742 degree,104228.0
959,184.35930283278276,259.5006629327074 degree,104314.0
960,301.3248161809308,251.56161762486215 degree,104486.0
961,258.2932944168225,265.1419413337578 degree,104547.0
962,395.22592681437834,231.63982257896754 degree,104650.0
963,205.5345177260886,259.3724480963929 degree,107387.0
964,58.19021551032413,266.63431626344845 degree,107544.0
965,82.70026815172086,260.1060331081411 degree,107682.0
966,84.58559546577165,248.05436065909217 degree,107694.0
967,211.22485178212017,269.5437718627121 degree,107697.0
968,214.39764567843335,264.03592132159474 degree,107703.0
969,268.9388633427992,267.10716392763095 degree,107709.0
970,263.96543586100285,243.08466915393825 degree,107716.0
971,91.10366519597721,215.25961139578143 degree,107830.0
972,62.35275534320713,302.30402118497545 degree,107851.0
973,103.44962219041828,195.50211579763652 degree,110470.0
974,95.76368997818399,249.2603320566267 degree,110567.0
975,67.5271699765097,254.68892900143686 degree,110754.0
976,39.48848501159234,286.56908519468755 degree,110942.0
977,119.56505155890835,262.70850550933255 degree,110947.0
978,263.9728082263611,270.83030549808984 degree,111239.0
979,407.07615065179874,259.5920075037469 degree,111285.0
980,101.79575576661009,263.4458852427481 degree,113991.0
981,308.2382914152479,249.49650236388013 degree,114047.0
982,402.40535440784595,248.11497570473514 degree,114051.0
983,340.8841375126684,240.43672607892813 degree,114196.0
984,375.2174118985754,250.3772879757895 degree,114217.0
985,61.71518129212888,188.15285286031184 degree,114363.0
986,265.4168844754285,277.25970342681023 degree,114402.0
987,261.82364897387805,250.22261957816355 degree,114668.0
